,text,subreddit,vader_positive,vader_negative,vader_neutral,vader_compound
146,Lol. Build your own or make some tweaks to the printer.,progun,0.219,0.0,0.781,0.4215
215,"Weird how the cops can pick and choose which laws to enforce and when, but I guess that explains a lot.",gunpolitics,0.0,0.063,0.937,-0.09
222,Or perhaps we should look at the bigger problem: mental healthcare in the United States.,liberalgunowners,0.151,0.146,0.703,0.0258
361,Ignorance is strength.,progun,0.478,0.373,0.149,0.1779
445,"I knew I didn't like this guy when the NPR commentator said ""He's the best option for attorney general right now""",progun,0.166,0.083,0.751,0.4749
968,"And in some aren't permitted outside the home without a lawful, legitimate purpose.",progun,0.0,0.0,1.0,0.0
1081,How so. What is the basis for your feeling of universal entitlement?,progun,0.12,0.0,0.88,0.128
1091,"Sorry, you misread. I thought you'd written ""why had they done that"". IIRC, it's in the report they published. ",progun,0.0,0.167,0.833,-0.34
1197,SAF is also in the list for Facebook. I triggered some people when I set my birthday fundraiser up.,gunpolitics,0.0,0.0,1.0,0.0
1339,There is clearly something really goddamned wrong with the policy then.,liberalgunowners,0.157,0.377,0.466,-0.5819
1356,"To be fair, the illegal should have been out of country. ",progun,0.154,0.242,0.604,-0.3182
1364,"I think it’s a bit more complicated than that, it also would appear I may have been misunderstood.",gunpolitics,0.0,0.124,0.876,-0.34
1481,"I loathe him too, but I couldn't even get on board with lynching him. Not even that obnoxious twat [NAME]",liberalgunowners,0.113,0.289,0.598,-0.7167
1509,Get the lad a prize.,progun,0.452,0.0,0.548,0.5106
1542,"Wonder if her steel balls make the same sound, clanging together, when they're frozen?",progun,0.0,0.0,1.0,0.0
1625,"But the poster, on the other hand...",liberalgunowners,0.417,0.0,0.583,0.6486
1858,Very well said.,progun,0.545,0.0,0.455,0.3384
1913,Not bad at all.,liberalgunowners,0.487,0.0,0.513,0.431
1967,"Unfortunately 22tcm is not standardized, as long as it's Armscor exclusive it's irrelevant.",liberalgunowners,0.101,0.161,0.738,-0.2263
2150,"Yes, clearly u/backwoodmenace was repeating misinformation intentionally.",progun,0.462,0.197,0.342,0.4767
2302,Damn this got me,liberalgunowners,0.0,0.474,0.526,-0.4019
2837,This is why you dont brag online and post personal gun pics. It can be used against you in a court of law.,progun,0.0,0.098,0.902,-0.34
2877,Just make sure you don't go too far and get a 17hmr!,progun,0.191,0.0,0.809,0.3802
2905,What rights do men have that women don't in the west? Damn.,progun,0.0,0.197,0.803,-0.4019
3071,"Given that the murder rate is primarily caused by the so-called ""war on drugs"", I don't see how gun laws would affect it at all. ",liberalgunowners,0.062,0.264,0.674,-0.8207
3102,They dont mind a second trump term if [NAME] 2020 looks likely,liberalgunowners,0.0,0.0,1.0,0.0
3156,See my post about Ohio above. Not as bad as you think.,gunpolitics,0.206,0.0,0.794,0.431
3189,"That's a stock photo, bud.",liberalgunowners,0.0,0.0,1.0,0.0
3736,Funny how the whole rape thing just vanished once he was appointed.,liberalgunowners,0.165,0.267,0.568,-0.4215
3784,"I wish, the brainwashed idiots here in California love her. It makes me sick. California is a lost cause.",gunpolitics,0.251,0.204,0.545,0.3182
4012,I really despise that woman.,gunpolitics,0.0,0.402,0.598,-0.4005
4261,"It's an ""inconvenient truth"" as someone once said. :)",progun,0.387,0.175,0.438,0.4404
4547,Came here to say this. I thank you kindly. Long live America. 😁,liberalgunowners,0.383,0.0,0.617,0.8271
4706,Who brings a gun to a middle school in the first place? This kid was not right.,liberalgunowners,0.0,0.13,0.87,-0.34
4729,Molon labe!!!,liberalgunowners,0.0,0.0,1.0,0.0
4792,You can be a good writer or arguer and be absolutely retarded,liberalgunowners,0.157,0.357,0.487,-0.5709
4798,If state showed any competence they would sue on behalf of the residents.,progun,0.0,0.0,1.0,0.0
4971,I loved my LCR. It made me feel like a police chief from the future.,liberalgunowners,0.33,0.0,0.67,0.7506
5062,I love my state sometimes,gunpolitics,0.512,0.0,0.488,0.6369
5122,"You know I never thought I'd celebrate someone's death, but once she goes I'm going to have to try very hard to not enjoy it...",progun,0.0,0.321,0.679,-0.8373
5367,I want my fucking cake back.,gunpolitics,0.206,0.0,0.794,0.0772
5491,Alot of friends and family make that or less. It's pretty crazy.,liberalgunowners,0.351,0.125,0.525,0.5974
5527,Gangs shooting each other on the streets is not the same as a crazy person going into a school and kill a bunch of innocent kids with an assault rifle.,progun,0.061,0.277,0.662,-0.8591
5539,This should be the norm instead of the exception. Sadly the leaders in law enforcement are almost always more into politics than principles.,gunpolitics,0.0,0.113,0.887,-0.4215
5713,Just for recreational use? Glad you are having a change of mind though,gunpolitics,0.2,0.0,0.8,0.4588
5909,"> They are all one entity with the same goals. Agreed, sadly.",gunpolitics,0.141,0.188,0.671,-0.1779
6128,I can't really provide anything to you that you haven't already deliberately misread yourself. I can't force you to be honest.,progun,0.212,0.0,0.788,0.6266
6205,I didn't know they made phone calls ...,liberalgunowners,0.0,0.0,1.0,0.0
6226,And you've never driven over the speed limit?,gunpolitics,0.0,0.0,1.0,0.0
6284,"Oh my, liberals have been busy haven’t they?",gunpolitics,0.0,0.0,1.0,0.0
6307,I get so much [NAME] ads and BS conspiracy video recommendation just because I watch some gun videos... I honestly hate our gun culture in this country..,liberalgunowners,0.081,0.322,0.596,-0.836
6323,Stay strong friend.,liberalgunowners,0.867,0.0,0.133,0.7579
6560,Exactly why my money goes to more guns and ammo.,progun,0.0,0.0,1.0,0.0
6919,Very interesting study.,progun,0.599,0.0,0.401,0.4576
7079,"Let the bourgeoisie draw first blood. Let there be no confusion about who shot first, and there will be no question about who shoots last.",progun,0.07,0.081,0.849,-0.0803
7819,Conservatives love to agree with cryptofacists and pretend all accusations are a smear campaign.,liberalgunowners,0.306,0.283,0.411,0.3612
8058,Sorry thought you were the other guy that said it was a privilege.,gunpolitics,0.169,0.088,0.743,0.296
8119,They aren't wrong here in illinois. :(,liberalgunowners,0.244,0.277,0.478,-0.089
8688,I really need to stop taking my guns fishing with me. I keep losing them!!! :(,gunpolitics,0.0,0.405,0.595,-0.8334
8873,IL is working double OT now to catch up to all that retardedness. They want ammo serialized ffs.,progun,0.062,0.18,0.758,-0.5423
9527,>[NAME] pulls publicity drama stunt with mild success. FTFY,liberalgunowners,0.316,0.0,0.684,0.5719
9610,Hell yeah. I'm really just thinking about the irony and double standard of the Left. It's amazing that these people are that cognitive dissonant.,gunpolitics,0.189,0.182,0.629,0.0516
9820,Bloody Peasant!,liberalgunowners,0.0,0.761,0.239,-0.4926
9913,Typical spewing of logical fallacies by a dotard. Go back to bestgunnit and play with the other special needs children.,liberalgunowners,0.221,0.0,0.779,0.6249
10307,"My girlfriend's creepy uncle gets extremely triggered when I point this out, or that a lot of conservatives are gigantic fudds.",liberalgunowners,0.0,0.0,1.0,0.0
10337,Is that good or bad?,progun,0.309,0.372,0.319,-0.1531
10348,This should really be a libertarian/socialists for gun rights meme. I genuinely think there is a lot they have in common.,liberalgunowners,0.0,0.107,0.893,-0.34
10516,And yet you had to walk back your support of this bill when you found out it would catch up your shotgun,liberalgunowners,0.114,0.0,0.886,0.4019
10728,We aren't a bunch of Republican puppets like you believe.,liberalgunowners,0.217,0.0,0.783,0.3612
10843,Wow! Never thought of it this way but that's a REALLY good point.,progun,0.424,0.0,0.576,0.8435
10887,From a quick glance this account would seem to be glowing,gunpolitics,0.0,0.0,1.0,0.0
11103,just read it... how do these people get away with such garbage decisions.,gunpolitics,0.0,0.0,1.0,0.0
11439,Iirc congressional opposition was the main obstacle for closing gitmo. I could be misremembering but that's what I remember,progun,0.0,0.089,0.911,-0.1901
11522,"well put yourself in his shoes though, it could make for a possible hostile working environment as well as be detrimental to his livelihood.",liberalgunowners,0.21,0.091,0.699,0.34
11598,"Good. It's weird that Polish gun culture is nearly non-existent, given their history as a country. Hopefully this is a step toward fixing that.",progun,0.189,0.138,0.673,0.3612
11856,The President who signed it? FDR.,gunpolitics,0.0,0.0,1.0,0.0
12230,"Any time the results are known before the hypothesis is generated, you should be very skeptical of the methods.",progun,0.0,0.126,0.874,-0.3804
12277,Scary times we live in.,progun,0.0,0.444,0.556,-0.4939
12620,"All of your examples are legal entities established as groups. The [RELIGION] Church and LULAC are a different concept then ""the [NAME]"". ",progun,0.067,0.0,0.933,0.128
12688,Sorry that's a mistype. I mean equally irresponsible,gunpolitics,0.0,0.412,0.588,-0.4939
12708,"Forget the prison, use his own guns on him. ",progun,0.0,0.426,0.574,-0.6369
12937,Can we just go down there and propose a bill? Die the constitution not allow that? An if were not allowed doesnt that count as non representation?,gunpolitics,0.0,0.196,0.804,-0.7274
13076,And will gore you bad if you don't drop them first.,liberalgunowners,0.127,0.245,0.629,-0.3991
13090,[NAME] didn’t actively take any guns or accessories from me. [NAME] is... stop repeating circa 2012 Fox News propaganda to protect an active traitor.,progun,0.247,0.136,0.617,0.5267
13234,"It also looks like it left an indented welt. He took it well, but I think he was in pain.",liberalgunowners,0.133,0.18,0.687,-0.4854
13293,You dropped this.,progun,0.0,0.0,1.0,0.0
13397,Yeah it's a weird thing people do,progun,0.247,0.191,0.562,0.128
13428,Me either. But I sometimes fantasize about it.,liberalgunowners,0.0,0.0,1.0,0.0
13517,What an immature response. With a little passive agressive racism to boot. Classy.,liberalgunowners,0.242,0.21,0.548,-0.1102
13992,"""Police are on their way, ma'am, just stay calm.""",liberalgunowners,0.223,0.0,0.777,0.3182
14115,"Hurr durr, put well regulated back in the constitution. Ok [NAME] the fucking [NAME].",progun,0.264,0.0,0.736,0.5106
14675,Shhhhh you are devastating their argument. You might trigger them. It’s the only trigger they love.,progun,0.175,0.283,0.542,-0.3818
14815,"[NAME] damn it, dude. Are you trying to ensure every gun owner in PA votes red? Because that's how you do that. ",liberalgunowners,0.097,0.191,0.712,-0.3612
14981,Gun ownership isn’t a hobby or recreational. It’s a right you’re born with independently of where you’re born.,gunpolitics,0.0,0.124,0.876,-0.34
15502,Dude seriously they got some really weird and specifically targeted propaganda on their TV shows,liberalgunowners,0.0,0.322,0.678,-0.5709
15782,I don’t like [NAME] As I love the 2nd amendment Can we stop him ?,gunpolitics,0.321,0.105,0.574,0.6705
16025,Haaaaay it’s the NAGR Guy!!!!!,gunpolitics,0.0,0.0,1.0,0.0
16149,"Ladies and gents, I present to you, your typical anti-gunner.",progun,0.0,0.0,1.0,0.0
16582,Until you provide a valid source nobody cares what your theory is. So it's downvoted.,progun,0.176,0.0,0.824,0.4588
16855,"They never seem to think this when the police arrive, with their guns, to end a terrible situation. ",progun,0.0,0.154,0.846,-0.4767
17245,It’s pretty cringe,liberalgunowners,0.615,0.0,0.385,0.4939
17582,"Yeah, it basically gives us carte blanche to challenge every single gun law, lol. [NAME].",progun,0.32,0.122,0.558,0.4404
18023,"I was well expecting the glee with which much of the userbase here would celebrate roadblocks being put up in front of ""the other"".",progun,0.323,0.0,0.677,0.875
18041,"You know more liberals want more gun control than regular [NAME] do, right? ",liberalgunowners,0.103,0.176,0.72,-0.2766
18084,"lol, it is. At least the leftist communities flat out tell you that you'll be banned for it.",liberalgunowners,0.128,0.138,0.734,-0.0516
18297,People more interested in kids and safety than making their books look good.,liberalgunowners,0.465,0.0,0.535,0.8268
18325,Don't get insulted by it,liberalgunowners,0.403,0.0,0.597,0.4023
18408,"I don't wish abortions on any woman. It's a terrible thing to endure. Necessary, sure, but it's still grim.",liberalgunowners,0.065,0.344,0.591,-0.7952
18532,Assault weapon are 26 ton weapons used by the nazis and Soviets during ww2 I think you're mistaking it for semi auto rifle,gunpolitics,0.0,0.367,0.633,-0.875
18626,Be sure to do the promo and get your free scope mount and magazines.,gunpolitics,0.318,0.0,0.682,0.6808
18920,What? I am aware it isn't permanent. The other legals aren't permanent either.,progun,0.0,0.0,1.0,0.0
19257,It violates my right to enjoy my tinnitus. eeeeeeeeeeeeeeeeeeeeeeeeeeeeeeeeeeeeeeeeeeeeeeeeeeeeeeeeeeeeeeeeeeeeeeeeeeeeeeeeeeeeeeeeeeeeeeeeeeeeeeeeeeeeeeeeeeeeeeeeeeeeeeeeeeeeeeeeeeeeeeeeeeeeeeeeeeeeeeeeeeeeeeeeeeeeeeeeeeeeeeeeeeeee,progun,0.237,0.244,0.519,-0.0258
19302,we need more [NAME] like [NAME] and [NAME]. So far those are the only 2 who I have seen stick to their principles.,gunpolitics,0.112,0.0,0.888,0.4173
19426,I really try to not use that terminology as it is inconsistent and was made up by people who know little to nothing about firearms.,liberalgunowners,0.0,0.0,1.0,0.0
19616,Says one of the two people who keeps on responding to each comment with a very poorly argued position lacking both in research and in common sense.,liberalgunowners,0.0,0.097,0.903,-0.4173
19982,"I’ve never heard of their football team, must be fake news /s",liberalgunowners,0.0,0.22,0.78,-0.4767
20106,Using an argument based on intolerance is frankly a bad strategic idea and borders on offensive. It won't persuade anybody and it sounds ridiculous.,liberalgunowners,0.0,0.365,0.635,-0.8885
20286,It's racist.,liberalgunowners,0.0,0.8,0.2,-0.6124
20423,"When you gatekeep a community, you ultimately hurt it.",liberalgunowners,0.0,0.298,0.702,-0.5267
20558,"Seriously, compare the trash NRA puts out to the video that Canadian Coalition for Firearm Rights put out on their FB on Tuesday.",liberalgunowners,0.0,0.072,0.928,-0.1779
20708,That’s pretty accurate,liberalgunowners,0.615,0.0,0.385,0.4939
20944,Lovely. You enjoy that train of thought lad.,progun,0.538,0.0,0.462,0.7906
21936,Did you miss the massive throbbing erection the Dems had over the no fly no buy thing?,liberalgunowners,0.096,0.193,0.711,-0.2292
22128,I know. I didn't say I agreed with it did I?,progun,0.0,0.154,0.846,-0.2057
22254,>only ones who really suffer are sport and competition shooters. Which is likely the whole point What makes you think that?,liberalgunowners,0.0,0.159,0.841,-0.5849
22299,Such bullshit. Reloading components included? Not that they'd let that stand in subsequent laws if it is.,liberalgunowners,0.0,0.192,0.808,-0.5859
22544,Article is good. Not sure how it relates to “carve outs” for law enforcement.,progun,0.172,0.116,0.712,0.2354
23170,Would the OP care to explain what the thought was behind posting this here? A warning for justification for potential upcoming gun-control responses?,progun,0.132,0.089,0.779,0.2869
23416,"Democrat politician, my bad should have specified. We are mostly all “liberals” here even if we’ve been alienated on this issue.",liberalgunowners,0.0,0.149,0.851,-0.5423
23445,[NAME] has to use a gun to defend himself after multiple robberies and an attempted rape...,progun,0.0,0.336,0.664,-0.7964
23694,Oh no! People will be able to protect themselves!,gunpolitics,0.285,0.0,0.715,0.4912
23901,Lol the lefties are gonna see their arses over this!,progun,0.256,0.0,0.744,0.4753
23958,"Think you're forgetting about the shooting of [NAME]. 6 dead, including a federal judge. ",liberalgunowners,0.0,0.249,0.751,-0.6486
24075,this is why I have backups off site that they’ll never find...try as they will they will never disarm me,gunpolitics,0.0,0.0,1.0,0.0
24142,"The Wall requires taking land at gunpoint, explain how that isn't tyranny",progun,0.0,0.0,1.0,0.0
24707,Says the guy not replying to any counter points lmao,gunpolitics,0.302,0.0,0.698,0.5994
25349,"Counterpoint, ACAB.",liberalgunowners,0.0,0.0,1.0,0.0
25879,Lol this cant be possible.hey thanks for the link and info! I'll look into it!,progun,0.18,0.128,0.692,0.2448
25963,[NAME] campaign donation at work apparently. Sure didn't take long.,liberalgunowners,0.204,0.0,0.796,0.3182
26044,It's cool.,progun,0.697,0.0,0.303,0.3182
26384,"I don't know, but there's probably a word for it in German.",liberalgunowners,0.0,0.0,1.0,0.0
26476,Something like that lol,progun,0.726,0.0,0.274,0.6486
27079,A couple of times I thought she was going to start laughing.,liberalgunowners,0.225,0.0,0.775,0.4939
28368,Pro-tip: the Press misleads you about what is wrong in the world.,progun,0.0,0.22,0.78,-0.4767
28717,im sure she does and she just doesn't want right wing people/white people to have a gun.,progun,0.115,0.182,0.703,-0.0829
29366,"Hold off a bit, Dallas is in a big time housing bubble, wait for it to pop, then strike ",gunpolitics,0.0,0.077,0.923,-0.128
29435,I love how you're making an assumption to try and make a point.,liberalgunowners,0.259,0.0,0.741,0.6369
29543,"Context is lost in the article, no way to know how it was asked or how the person was behaving.",liberalgunowners,0.0,0.2,0.8,-0.5423
29948,"That would be really great, but good luck.",progun,0.686,0.0,0.314,0.8988
31048,">muh siege Screw off, if I wanted to listen to some [NAME] ramblings I'd go to my local range.",gunpolitics,0.0,0.072,0.928,-0.1027
31071,And every [NAME] on Reddit has an anxiety attack...,progun,0.0,0.407,0.593,-0.5859
31132,"Wanting to have immigration controls is in no way, shape, or form racist. ",progun,0.0,0.36,0.64,-0.7351
31161,"Hell yeah my dude. And the best part is, if I had the money, I could get either or both of those right now :)",gunpolitics,0.269,0.131,0.6,0.5859
31316,I literally point out the same thing (along with everyone in the YouTube comments) and get downvoted to oblivion. Love it.,liberalgunowners,0.174,0.0,0.826,0.6369
31361,Quick! Get this man some firepower! HE MUST CONFORM TO THE STEREOTYPE.,liberalgunowners,0.0,0.247,0.753,-0.5599
31424,Sounds like they’re not responsible and shouldn’t have the right to have these.,liberalgunowners,0.162,0.127,0.711,0.1376
31494,Bitch real man just panicking purchases a m82 barret..Now excuse me while i hide from my wife for the next month.,gunpolitics,0.049,0.315,0.637,-0.7964
31591,I caught that little tidbit too. Very unbiased. Very factual.,liberalgunowners,0.0,0.134,0.866,-0.101
31688,"> Honestly, I think ANY (maybe not NY) state beats CA when it comes to gun laws. WA is nipping at your heels.",progun,0.114,0.091,0.795,0.1531
32256,[NAME] a fucking idiot and needs to be primaried out.,progun,0.0,0.285,0.715,-0.5563
32297,That's a surprise from this guy.,progun,0.296,0.0,0.704,0.2732
32407,"I don't know, it its fairly anti [NAME] after the bump stock ban. I'm still holding out.",liberalgunowners,0.0,0.282,0.718,-0.7096
32603,Champaign’s a weird town in that aspect..,liberalgunowners,0.0,0.221,0.779,-0.1779
33242,one of them shotting 22lr if I recall? Heck most the worst used a pistol ether exclusively or with a shotty too,liberalgunowners,0.0,0.173,0.827,-0.6573
33500,I carry on an empty. But I also carry a single action. So don't make my mistakes.,progun,0.14,0.073,0.787,0.3105
33631,I think thats dumb and simplistic. You really can't boil down the sociology of race by comparing it to 2+2=4.,liberalgunowners,0.0,0.148,0.852,-0.5106
33667,Most of them I know quit and went to work elsewhere. 10 years and out here.,progun,0.0,0.0,1.0,0.0
33736,That dad must love monster high as well.,liberalgunowners,0.512,0.0,0.488,0.743
34520,I thought they were motor vehicle accidents.,progun,0.0,0.277,0.723,-0.3182
34841,"Project Exile worked pretty well, and it specifically targets criminals",gunpolitics,0.331,0.231,0.438,0.1531
35381,Can you please write up a summary of how the event went? The live stream isn't working because they changed the venue. Thank you!,liberalgunowners,0.188,0.0,0.812,0.6239
35469,No guns = no gun violence! How come no one has ever thought of this before!,progun,0.265,0.197,0.538,0.3641
35744,Oh [NAME]...,liberalgunowners,0.0,0.0,1.0,0.0
35797,Because the people pushing the myth are either willfully ignorant or outright malicious.,liberalgunowners,0.0,0.149,0.851,-0.2732
36110,I am more of a dumbass for building a $2500 308 AR-10 for my first rifle... regret it but just not willing to sell it till this day,liberalgunowners,0.0,0.143,0.857,-0.5158
36293,> saving the children Because this will save a tiny of fraction of what could be saved with a cell phone ban.,liberalgunowners,0.21,0.126,0.664,0.34
36327,It doesn’t look cool,liberalgunowners,0.434,0.0,0.566,0.3182
36640,Im a revolver guy so I've always admired the rhino and its low bore axis design. The Rhino and the Kimber k6s are on my list.,liberalgunowners,0.116,0.134,0.75,0.1189
36699,You couldn't even figure those out? Wow. Speechless.,liberalgunowners,0.352,0.0,0.648,0.5859
36886,"If you don't believe the government has the power to restrict things, you're not a liberal, you're an anarchist or a libertarian.",liberalgunowners,0.078,0.106,0.816,-0.1779
37159,Omg! An attentive parent actually teaching their children to safely handle guns! The horror!,gunpolitics,0.162,0.231,0.607,-0.3348
37229,holy crap that's messed up.,gunpolitics,0.0,0.625,0.375,-0.6124
38277,I should look up how close it is to missouri,liberalgunowners,0.0,0.0,1.0,0.0
38526,I don’t understand WHY the [NAME] are so stubborn on this issue. They’re just like the [NAME] on abortion. Damn the facts!,liberalgunowners,0.089,0.232,0.679,-0.6102
38782,"I would shoot a cop who shot my animal. Save the consequences for later, you just assaulted and possibly mortally wounded my best friend. ACAB",liberalgunowners,0.291,0.159,0.549,0.7003
38914,"But hey, at least it saves us the trouble of contacting them!",gunpolitics,0.0,0.259,0.741,-0.5916
39150,"Damn, even here in CA the gun haters almost invariably exempt law enforcement from their crusade.",gunpolitics,0.052,0.387,0.56,-0.8008
40257,It certainly is if the title of the meme is Buh We Dindu Nuffin' wouldn't you agree? That sounds like a racist stereotype to me anyway.,liberalgunowners,0.143,0.245,0.612,-0.5439
40497,BUT GUIS I THOUGHT [NAME] WAS PRO GUN? This should put the final nail in anyone still foolish enough to think that.,liberalgunowners,0.0,0.255,0.745,-0.7814
40716,"If many people truly see that as a consequence, I'd suggest SD's public [NAME] needs some work. Sad.",liberalgunowners,0.132,0.141,0.727,-0.0516
40837,That's a bingo!,gunpolitics,0.0,0.0,1.0,0.0
42607,trUmP iS pRo guN,progun,0.0,0.444,0.556,-0.34
43415,Stuff like this makes me worry a little less about the future generations.,progun,0.152,0.177,0.671,-0.1027
43641,"True, but [NAME] mocking someone for making a choice that, realistically, isn't a choice at all is still an oblivious thing to do.",liberalgunowners,0.072,0.134,0.794,-0.3919
44684,Please pass this. We will finally get the same thing we have in California before scotus.,progun,0.133,0.0,0.867,0.3182
44793,I think I would spontaneously combust from sheer delight,liberalgunowners,0.328,0.0,0.672,0.5994
45464,they do poorly making me feel otherwise,liberalgunowners,0.0,0.0,1.0,0.0
46102,"I mean I'm mad at him for posting that, but that's just because I'm jealous of that P7",liberalgunowners,0.0,0.276,0.724,-0.7269
46346,[NAME] is a New York populist. You might as well have voted for a [NAME].,progun,0.13,0.0,0.87,0.2732
47778,That has literally never happened.,liberalgunowners,0.0,0.0,1.0,0.0
48206,I love stories that end well. Makes the new year even better.,progun,0.505,0.0,0.495,0.8481
48321,People who eat themselves to death are mentally ill in my opinion. Homicide is a deliberate and unlawful killing of a person by another person.,progun,0.0,0.335,0.665,-0.9022
49029,"That ruling is such a mess: it gets the *reason* correct, but the Justices were so out of touch that the entire ruling was contradictory to that. ",progun,0.0,0.162,0.838,-0.5927
49373,This is the same woman who fought tooth and nail to have wrongful convictions upheld while she was a prosecutor; she craves tyranny.,progun,0.0,0.095,0.905,-0.3182
49539,while i'm grinding my pitchfork tines... can i get a source on that?,gunpolitics,0.0,0.0,1.0,0.0
50079,"I was thinking 1-2 in each eye might stop the threat, but if I'm being honest I'd be worried about the ensuing legal struggle...",gunpolitics,0.19,0.257,0.553,-0.0387
50434,"Huh, and all these years I’d been *assured* “nobody” was coming to take my guns. Its like they been lying the entire time.",progun,0.176,0.12,0.704,0.1531
50489,"This is the tyranny right here, not the drones and tanks they always use as straw men. This man should not have a badge. Ever.",liberalgunowners,0.0,0.0,1.0,0.0
50738,Implying there was a shootout in the restaurant? I wouldn’t feel safe at all if I were caught in crossfire,progun,0.132,0.0,0.868,0.4404
50881,Unfortunately no one usually fights for their rights without a martyr,progun,0.0,0.477,0.523,-0.743
51370,Not happy.,progun,0.0,0.75,0.25,-0.4585
51774,This makes me smile,progun,0.455,0.0,0.545,0.3612
52175,[NAME] is a traitor to this country.,gunpolitics,0.0,0.0,1.0,0.0
52344,Surprised Colorado ain’t got one the way things have been going here past couple years,progun,0.119,0.0,0.881,0.2263
52446,Yeah. Like you.,gunpolitics,0.825,0.0,0.175,0.5719
52582,"yes they do, and I am glad that you were able to change hers. ",progun,0.322,0.0,0.678,0.6908
52709,I didn’t read your article but I suppose,progun,0.0,0.0,1.0,0.0
52769,Funny coming from the party that is #1 in killing babies.,gunpolitics,0.311,0.244,0.444,0.0516
52939,You dont need elected officials to have power when you have the people on your side.,liberalgunowners,0.0,0.0,1.0,0.0
53077,I think we all are,liberalgunowners,0.0,0.0,1.0,0.0
53356,"This is seriously disturbing. Even more disturbing, is that we aren’t doing anything about this, and it’s going to expand. Watch. ",progun,0.082,0.308,0.609,-0.7425
53967,You can vote for whomever you want even in the general. It's called a write-in.,liberalgunowners,0.085,0.0,0.915,0.0772
54136,Post this to /r/MurderedByWords I legit wanna see the teeth mashing,progun,0.0,0.0,1.0,0.0
55096,I remember thinking how smart I was then. /s,liberalgunowners,0.252,0.0,0.748,0.4019
55186,Nah man. I just changed my mind. I've gotten pms from here before lol.,liberalgunowners,0.173,0.086,0.741,0.34
55382,"It's racism. It doesn't make me angry, it makes me feel sorry for their ignorance and yours.",liberalgunowners,0.114,0.335,0.551,-0.6367
55619,"Regardless, fight 'em every inch of the way like it's the last hill to die on. Complacency is complicity. ",gunpolitics,0.1,0.26,0.64,-0.6124
56123,Nothing is free!,progun,0.0,0.6,0.4,-0.4577
56566,You’re as cool as a hand-job on a honeymoon. Go draw some anime and cry yourself to sleep.,progun,0.107,0.145,0.748,-0.2023
56613,"No! You've gotta make it warm, let it sit in the sun and have all the sugar dissolve into it! THEN you chill it!",gunpolitics,0.108,0.0,0.892,0.4168
56984,"[NAME], let’s bring down the system faster.",progun,0.0,0.0,1.0,0.0
57225,I cant believe we elected this goon,gunpolitics,0.0,0.0,1.0,0.0
58420,He is and will be irrelevant. No worries.,liberalgunowners,0.25,0.0,0.75,0.3252
58738,"Weird, I checked again and it works for me now. It wasn't the first few times I tried to click.",gunpolitics,0.0,0.082,0.918,-0.1779
59236,"I answered, and then asked if you can think of any legitimate uses. Apparently you can't.",liberalgunowners,0.0,0.0,1.0,0.0
59433,"Once I dropped mine on my foot, so I grounded him to a fudd range for a weekend It was tough for both of us",progun,0.0,0.059,0.941,-0.128
59527,"Welp, the GOP's removing their last appeal for me.",liberalgunowners,0.0,0.0,1.0,0.0
60338,>a Thursday night rampage that killed the 22-year-old officer and shot up a surrounding downtown neighborhood. Not exactly a constitutional standoff with the government,progun,0.0,0.164,0.836,-0.6705
60369,Exactly. Some ammo is already cheaper than that.,liberalgunowners,0.0,0.0,1.0,0.0
60812,"It's ""soaked, frostbitten chic!""",liberalgunowners,0.444,0.0,0.556,0.3382
61210,Oh interesting. I must have got in a while ago.,liberalgunowners,0.231,0.0,0.769,0.4019
61230,Keep stocking that steel core ammo bois,progun,0.0,0.0,1.0,0.0
61787,Chicken and the egg argument. Gun companies don't donate to [NAME] *because* they have gun control on their platform. This goes back decades mind you.,liberalgunowners,0.0,0.249,0.751,-0.743
61870,"Depends on what you want to do, but I'd buy This",liberalgunowners,0.103,0.0,0.897,0.0387
62298,"Well, that was dumb.",liberalgunowners,0.284,0.446,0.27,-0.296
62367,Bullock and Warner are the only two dems (without an F rating from the NRA) that I could see running.,liberalgunowners,0.0,0.0,1.0,0.0
63217,"I'd have to really contemplate that, but my huntch is to agree.",gunpolitics,0.228,0.0,0.772,0.5023
63319,A man of culture i see,liberalgunowners,0.0,0.0,1.0,0.0
63446,Great article. Thanks for posting,gunpolitics,0.7,0.0,0.3,0.7906
63469,Not if he signs it. And he has made statements that contradict the 2nd amendment in the past.,liberalgunowners,0.0,0.119,0.881,-0.3182
63489,Thanks boss. Finally got a sibling for the Glock!,liberalgunowners,0.285,0.0,0.715,0.4926
64404,Best of luck with your new religion.,progun,0.59,0.0,0.41,0.802
64525,Enjoy you Salad,progun,0.615,0.0,0.385,0.4939
64548,It’s bad law. I wouldn’t be surprised either.,liberalgunowners,0.167,0.307,0.526,-0.3818
65583,Sorry. I am avoiding arguments today. Enjoy the video.,progun,0.219,0.438,0.342,-0.296
67215,I’m not sure it was [NAME] that changed the definition as much as it was the ATF.,progun,0.0,0.109,0.891,-0.2411
68396,"I’d rather not, thank you. Seeing her play that evil emperor in that Star Wars movie was quite enough.",gunpolitics,0.087,0.368,0.545,-0.8276
69196,ehhhh I don't think so. iirc [NAME] was responsible for that Russian embargo and he's the reason why AKs are so expensive now.,progun,0.095,0.0,0.905,0.3182
69755,"I haven't seen a sign like that on mine. Not that it would carry the force of law, anyway, in Florida.",progun,0.111,0.0,0.889,0.3612
70027,"I know they are treated very well, but some of them do die.",progun,0.094,0.296,0.61,-0.6862
70214,"Lots of us in Texas. Dallas is a nice mix of moderate conservatives, libertarians, and moderate liberals. I like it here.",liberalgunowners,0.262,0.0,0.738,0.6597
70374,Find a new doctor. If he isn't willing to treat people because of political affiliation then he's a horrible doctor and an even worse person.,progun,0.0,0.287,0.713,-0.8342
70414,"Meet me in the parking lot after school, tough guy. Bring your guns.",progun,0.0,0.111,0.889,-0.128
71784,"As I said in my other comment, no most probably don't. But we should all be alarmed at HOW they were banned. ",liberalgunowners,0.0,0.314,0.686,-0.8271
72384,Nah. Mine was wrapped around my neck and I am a gun loving medical student.,progun,0.198,0.193,0.609,0.2732
72917,"Thanks man, hope the holidays were good to you and yours. ",progun,0.617,0.0,0.383,0.8834
73653,You just defended him with a bunch of doublespeak bullshit so I’m gonna have to disagree. You’re a fucking idiot.,gunpolitics,0.0,0.37,0.63,-0.8748
73739,"Because it's the one right that we hope to never need, at least in the sense of revolt or self defense.",liberalgunowners,0.188,0.0,0.812,0.5267
74010,They cannot bypass racial discrimination without facing a serious backlash.,liberalgunowners,0.12,0.0,0.88,0.0572
74277,Not to mention people who illegally own guns probably aren't going to admit it for a study either.,liberalgunowners,0.0,0.086,0.914,-0.1511
74562,Do your own research. It’s not my job to educate you.,progun,0.0,0.0,1.0,0.0
74911,"Or in the language of the MSM ""unwanted home visitors"".",progun,0.0,0.174,0.826,-0.2263
75037,">Yes: the native [NAME], at the hands of the European settlers. Laughs in [NAME] ",liberalgunowners,0.33,0.0,0.67,0.7096
76222,How so? How do you keep stupid people from voting?,liberalgunowners,0.0,0.295,0.705,-0.5803
77094,Rural MO. The nearest Whole Foods is an hour away. I can't imagine too many [NAME] could handle the distance.,liberalgunowners,0.0,0.0,1.0,0.0
78494,Seems like an odd hypothetical question to ask.,liberalgunowners,0.231,0.213,0.556,0.0516
78531,He’s a brave man.,progun,0.531,0.0,0.469,0.5267
78716,Bit too left for me lol,liberalgunowners,0.359,0.0,0.641,0.4215
78794,Dat trigger discipline though,liberalgunowners,0.0,0.0,1.0,0.0
79624,Then steal their jets,progun,0.0,0.516,0.484,-0.4939
79878,I was wrong about that one part. I've edited my comment to reflect my mistake. Thanks for posting the relevant bit of the bill.,liberalgunowners,0.099,0.187,0.714,-0.3818
80860,What’s a leppo?,progun,0.0,0.0,1.0,0.0
80892,"Short answer, fuck no, don't ever fall for it. Don't make the same mistake Canada has.",liberalgunowners,0.0,0.296,0.704,-0.7096
80899,"/r/2ALiberals checking in! Welcome my leftist gun supporter! Upvote for 2A solidarity, even though we probably disagree on literally everything else.",progun,0.273,0.173,0.554,0.4374
81011,"OK man I am relatively new so I know what worked for me and I based off of much of the advice I got, partially from this reddit lol",liberalgunowners,0.175,0.0,0.825,0.694
81470,Don't use gay as an insult.,liberalgunowners,0.0,0.398,0.602,-0.5106
82236,"Exactly. I forget what the ""killed per year in a school shooting"" figure is but it's shockingly low.",progun,0.0,0.389,0.611,-0.7845
82491,As The Pot Bro's always say. When the Cops ask you questions. Shut the fuck up.,gunpolitics,0.0,0.189,0.811,-0.5423
82734,Dang ol Mega-Low mart on frye!,progun,0.0,0.0,1.0,0.0
82787,Pretty sure he's a NAVY SEAL IN THE TOP OF HIS CLASS!,liberalgunowners,0.481,0.0,0.519,0.8087
82995,"Fuck it, it's time we spend not adding to the debt",gunpolitics,0.0,0.4,0.6,-0.7184
83661,That doesn’t seem like very responsible presentation of findings.,liberalgunowners,0.421,0.0,0.579,0.624
84814,"Gotta love how these are mostly done at churches, no separation there.",gunpolitics,0.256,0.134,0.61,0.4588
85034,"Well I hope so, I work in a pawnshop in a not great part of town and I'd love to be able to carry",gunpolitics,0.283,0.101,0.615,0.7101
85069,"I discussed this shop with my cop buddy, he also trusts it. Thanks!",liberalgunowners,0.364,0.0,0.636,0.7424
85121,"Hmm, were you trying to prove your inability to read, or just your inability to comprehend? Either way, you've effectively done so.",liberalgunowners,0.106,0.198,0.696,-0.3612
87064,I think it should be a felony. Kind of crazy that illegally entering a country is such a minimal offense.,liberalgunowners,0.0,0.317,0.683,-0.7845
87783,Below Springfield Illinois dweller checking in. Thanks for sharing the ILGuns sub!,liberalgunowners,0.448,0.0,0.552,0.7424
88748,just like [NAME] was going to win by 90+%? I'm not going to believe it until I see it.,progun,0.27,0.0,0.73,0.743
88954,Not all. [NAME] is cool. If he ever runs again in the primaries he will get my vote.,progun,0.119,0.0,0.881,0.3182
89672,Pretty sure the legislature needs to change laws,liberalgunowners,0.478,0.0,0.522,0.6705
90012,[NAME] represent!,liberalgunowners,0.0,0.0,1.0,0.0
90628,Ah I was confused which side you were on :P,gunpolitics,0.21,0.176,0.614,0.1111
90857,I'm not having any thoughts that are safe for me to publicly type.,gunpolitics,0.195,0.0,0.805,0.4404
91185,There's a user here that advocates for disarmament and authoritarianism. I've noticed that a new username pops up periodically with similar content/ views.,liberalgunowners,0.0,0.0,1.0,0.0
91471,Oo! OO!! I know this one... ME!,gunpolitics,0.0,0.0,1.0,0.0
93027,Thank [NAME] for state rights.,progun,0.385,0.0,0.615,0.3612
93094,Why not? My parole finalized in December. I've already done my time.,liberalgunowners,0.0,0.0,1.0,0.0
93540,You weren’t here for the original wording but thanks for playing.,progun,0.49,0.0,0.51,0.7717
95433,Do they not remember the SRO who responded to a school shooting returning fire in under a minute.,progun,0.0,0.124,0.876,-0.34
95845,You’re an angry elf,liberalgunowners,0.0,0.524,0.476,-0.5106
95942,Bad news dude. You're almost 100 years past that.,gunpolitics,0.0,0.304,0.696,-0.5423
96129,The automatic double action loophole.,liberalgunowners,0.0,0.0,1.0,0.0
96611,Thanks for the clarity.,liberalgunowners,0.737,0.0,0.263,0.6808
97411,You’re mixed up little buddy.,progun,0.0,0.0,1.0,0.0
97690,*laughs in uneducated Finnish farmer on skis*,progun,0.348,0.0,0.652,0.4939
98241,So you just don't believe we should have non-profit organizations. I guess that's consistent at least.,liberalgunowners,0.0,0.0,1.0,0.0
99771,He must really hate changing dies.,progun,0.0,0.444,0.556,-0.6115
100024,Best way to fight it is to fight it in every way.,liberalgunowners,0.228,0.283,0.489,0.0
102020,ITS HAPPENING!!!!!,liberalgunowners,0.0,0.0,1.0,0.0
102234,So everyone elses advice is invalid? Elaborate.,progun,0.0,0.0,1.0,0.0
102532,You monster! Think of the children!,liberalgunowners,0.0,0.0,1.0,0.0
106868,And they sneak the bit about reckless driving and speeding in at the end as making one a prohibited person. This is absurd.,gunpolitics,0.0,0.109,0.891,-0.4019
107552,It wouldn't have been hard to get more votes than [NAME] because [NAME] was so hated.,progun,0.063,0.26,0.678,-0.7244
107647,Trespassing in Texas and you’ll get shot. I would’ve shot them.,liberalgunowners,0.0,0.0,1.0,0.0
109300,You need help.,gunpolitics,0.574,0.0,0.426,0.4019
109813,This is -- and I say this in all sincerity -- the _weakest_ troll attempt I've seen in years.,liberalgunowners,0.0,0.155,0.845,-0.5106
110507,I’ve made snapchats like this for friends,gunpolitics,0.528,0.0,0.472,0.6808
113422,> To bad everyone is to ~~weak and comfortable in their homes~~ slaving away in an open air debtor's prison to stand up to the government ftfy,progun,0.092,0.269,0.639,-0.7506
114733,"Crazy when the police are becoming more militarized to deal with threats, you could almost lump them into the 3rd amendment based on that alone. ",progun,0.0,0.247,0.753,-0.7351
116212,You are. And so am I.,liberalgunowners,0.0,0.0,1.0,0.0
116235,"Did no one notice that it mentions Maryland in the title text, but goes on to talk about Massachusetts in the body text?",progun,0.0,0.068,0.932,-0.1531
119050,"It's not free, though. It's ridiculously expensive.",progun,0.0,0.505,0.495,-0.6251
119322,I've wanted one ever since [NAME] dual wielded them in Bad Boys 2.,liberalgunowners,0.0,0.226,0.774,-0.5423
122416,I don't want *my* kids exposed to that information. They might get curious and want to try it themselves!,liberalgunowners,0.182,0.118,0.7,0.3335
124391,Well since they hate cops and love criminals... this fits for them,progun,0.29,0.341,0.369,-0.2732
126876,"Didn't realize they were shipping the challenge coins with Israeli FAL rifles, that makes this whole thing even weirder.",liberalgunowners,0.066,0.076,0.859,-0.0516
133799,> The frothing at the mouth over the Primary Arms charging handle What was this?,liberalgunowners,0.0,0.0,1.0,0.0
133896,They want to make gun ownership so expensive and onerous that people won't even bother.,liberalgunowners,0.188,0.135,0.677,-0.0165
133964,"Looks like you brought a nice variety for her to try, hope she enjoyed it!",liberalgunowners,0.517,0.0,0.483,0.8955
134042,"I feel like this is coming to NV soon as well, and I’m not so sure about how it will go",gunpolitics,0.183,0.099,0.718,0.2793
136310,I was ok till that last one.,liberalgunowners,0.268,0.0,0.732,0.296
138323,Okay thats cool I was asking because I didn’t know y’all better stop downvoting me,progun,0.35,0.108,0.542,0.5994
141065,Stupid democrats!!!!!!!,progun,0.0,0.82,0.18,-0.6776
146283,"No, I'm anti racism.",liberalgunowners,0.0,0.762,0.238,-0.7506
146393,Just read the text of this amendment. I am literally sick to my stomach from reading this. THIS MUST NOT STAND!!,gunpolitics,0.0,0.163,0.837,-0.5972
149462,"Ah, i misunderstood what he was going for, sorry my bad",progun,0.0,0.474,0.526,-0.7351
159343,Used to be just bad on the 2nd. Now they are folding on other rights as well.,progun,0.102,0.17,0.728,-0.34
161004,When you glossed over [NAME] history to make a cheap shot at a democrat. That type of dishonesty is kind of your trademark,gunpolitics,0.0,0.0,1.0,0.0
168438,"I think theres a line between edgy and racist that this meme clearly crosses. [NAME] is still funny, this is just racist.",liberalgunowners,0.177,0.253,0.57,-0.5267
174902,And I wish I wasn't lumped in with new jersey.,gunpolitics,0.231,0.0,0.769,0.4019
185689,>Yes. I’m an idiot. Checks out.,progun,0.27,0.33,0.4,-0.1531
