,text,subreddit,nrc_anger,nrc_anticipation,nrc_disgust,nrc_fear,nrc_joy,nrc_sadness,nrc_surprise,nrc_trust
146,lol build your own or make some tweaks to the printer,progun,0.0,0.0,0.0,0.0,0.0,0.0,0.0,0.0
215,weird how the cops can pick and choose which laws to enforce and when but i guess that explains a lot,gunpolitics,0.16666666666666666,0.0,0.16666666666666666,0.16666666666666666,0.0,0.0,0.16666666666666666,0.0
222,or perhaps we should look at the bigger problem mental healthcare in the united states,liberalgunowners,0.0,0.0,0.0,0.3333333333333333,0.0,0.3333333333333333,0.0,0.3333333333333333
361,ignorance is strength,progun,0.0,0.0,0.0,0.0,0.0,0.0,0.0,0.5
445,i knew i didnt like this guy when the npr commentator said hes the best option for attorney general right now,progun,0.2,0.0,0.0,0.2,0.0,0.0,0.0,0.4
968,and in some arent permitted outside the home without a lawful legitimate purpose,progun,0.0,0.0,0.0,0.0,0.0,0.0,0.0,0.3333333333333333
1081,how so what is the basis for your feeling of universal entitlement,progun,0.3333333333333333,0.3333333333333333,0.3333333333333333,0.3333333333333333,0.3333333333333333,0.3333333333333333,0.3333333333333333,0.3333333333333333
1091,sorry you misread i thought youd written why had they done that iirc its in the report they published ,progun,0.0,0.25,0.0,0.0,0.0,0.0,0.0,0.0
1197,saf is also in the list for facebook i triggered some people when i set my birthday fundraiser up,gunpolitics,0.0,0.25,0.0,0.0,0.25,0.0,0.25,0.0
1339,there is clearly something really goddamned wrong with the policy then,liberalgunowners,0.0,0.0,0.0,0.0,0.0,0.0,0.0,0.5
1356,to be fair the illegal should have been out of country ,progun,0.3333333333333333,0.0,0.3333333333333333,0.3333333333333333,0.0,0.3333333333333333,0.0,0.0
1364,i think its a bit more complicated than that it also would appear i may have been misunderstood,gunpolitics,0.0,0.0,0.0,0.0,0.0,0.0,0.0,0.0
1481,i loathe him too but i couldnt even get on board with lynching him not even that obnoxious twat name,liberalgunowners,0.6666666666666666,0.3333333333333333,0.6666666666666666,0.0,0.0,0.3333333333333333,0.0,0.0
1509,get the lad a prize,progun,0.0,0.0,0.0,0.0,0.0,0.0,0.0,0.0
1542,wonder if her steel balls make the same sound clanging together when theyre frozen,progun,0.0,0.0,0.0,0.0,0.0,0.0,0.0,0.0
1625,but the poster on the other hand,liberalgunowners,0.0,0.0,0.0,0.0,0.0,0.0,0.0,0.0
1858,very well said,progun,,,,,,,,
1913,not bad at all,liberalgunowners,1.0,0.0,1.0,1.0,0.0,1.0,0.0,0.0
1967,unfortunately 22tcm is not standardized as long as its armscor exclusive its irrelevant,liberalgunowners,0.0,0.5,0.0,0.0,0.0,0.0,0.0,0.0
2150,yes clearly ubackwoodmenace was repeating misinformation intentionally,progun,0.0,0.0,0.0,0.0,0.0,0.0,0.0,0.0
2302,damn this got me,liberalgunowners,1.0,0.0,1.0,0.0,0.0,0.0,0.0,0.0
2837,this is why you dont brag online and post personal gun pics it can be used against you in a court of law,progun,0.3333333333333333,0.16666666666666666,0.0,0.3333333333333333,0.0,0.0,0.0,0.3333333333333333
2877,just make sure you dont go too far and get a 17hmr,progun,0.0,0.0,0.0,0.0,0.0,0.0,0.0,0.0
2905,what rights do men have that women dont in the west damn,progun,1.0,0.0,1.0,0.0,0.0,0.0,0.0,0.0
3071,given that the murder rate is primarily caused by the socalled war on drugs i dont see how gun laws would affect it at all ,liberalgunowners,0.4,0.0,0.2,0.6,0.0,0.2,0.2,0.0
3102,they dont mind a second trump term if name 2020 looks likely,liberalgunowners,0.0,0.0,0.0,0.0,0.0,0.0,0.3333333333333333,0.0
3156,see my post about ohio above not as bad as you think,gunpolitics,0.5,0.0,0.5,0.5,0.0,0.5,0.0,0.0
3189,thats a stock photo bud,liberalgunowners,0.0,0.0,0.0,0.0,0.0,0.0,0.0,0.0
3736,funny how the whole rape thing just vanished once he was appointed,liberalgunowners,0.3333333333333333,0.0,0.3333333333333333,0.6666666666666666,0.0,0.6666666666666666,0.3333333333333333,0.0
3784,i wish the brainwashed idiots here in california love her it makes me sick california is a lost cause,gunpolitics,0.0,0.0,0.3333333333333333,0.0,0.3333333333333333,0.6666666666666666,0.0,0.0
4012,i really despise that woman,gunpolitics,0.5,0.0,0.5,0.0,0.0,0.0,0.0,0.0
4261,its an inconvenient truth as someone once said ,progun,0.5,0.0,0.5,0.0,0.0,0.5,0.0,0.5
4547,came here to say this i thank you kindly long live america ,liberalgunowners,0.0,1.0,0.0,0.0,0.0,0.0,0.0,0.0
4706,who brings a gun to a middle school in the first place this kid was not right,liberalgunowners,0.2,0.0,0.0,0.2,0.0,0.0,0.0,0.2
4729,molon labe,liberalgunowners,,,,,,,,
4792,you can be a good writer or arguer and be absolutely retarded,liberalgunowners,0.0,0.5,0.0,0.0,0.5,0.0,0.5,0.5
4798,if state showed any competence they would sue on behalf of the residents,progun,0.3333333333333333,0.0,0.0,0.0,0.0,0.3333333333333333,0.0,0.3333333333333333
4971,i loved my lcr it made me feel like a police chief from the future,liberalgunowners,0.0,0.0,0.0,0.25,0.0,0.0,0.0,0.25
5062,i love my state sometimes,gunpolitics,0.0,0.0,0.0,0.0,0.5,0.0,0.0,0.0
5122,you know i never thought id celebrate someones death but once she goes im going to have to try very hard to not enjoy it,progun,0.3333333333333333,1.0,0.3333333333333333,0.3333333333333333,0.3333333333333333,0.3333333333333333,0.3333333333333333,0.3333333333333333
5367,i want my fucking cake back,gunpolitics,0.0,0.0,0.0,0.0,0.0,0.0,0.0,0.0
5491,alot of friends and family make that or less its pretty crazy,liberalgunowners,0.3333333333333333,0.3333333333333333,0.0,0.3333333333333333,0.3333333333333333,0.3333333333333333,0.0,0.3333333333333333
5527,gangs shooting each other on the streets is not the same as a crazy person going into a school and kill a bunch of innocent kids with an assault rifle,progun,0.4444444444444444,0.0,0.0,0.5555555555555556,0.0,0.2222222222222222,0.0,0.2222222222222222
5539,this should be the norm instead of the exception sadly the leaders in law enforcement are almost always more into politics than principles,gunpolitics,0.16666666666666666,0.0,0.0,0.0,0.0,0.16666666666666666,0.0,0.16666666666666666
5713,just for recreational use glad you are having a change of mind though,gunpolitics,0.0,0.5,0.0,0.25,0.5,0.0,0.0,0.0
5909, they are all one entity with the same goals agreed sadly,gunpolitics,0.0,0.0,0.0,0.0,0.0,0.3333333333333333,0.0,0.3333333333333333
6128,i cant really provide anything to you that you havent already deliberately misread yourself i cant force you to be honest,progun,0.6666666666666666,0.0,0.3333333333333333,0.6666666666666666,0.3333333333333333,0.3333333333333333,0.0,0.6666666666666666
6205,i didnt know they made phone calls ,liberalgunowners,0.0,0.5,0.0,0.0,0.0,0.0,0.0,0.5
6226,and youve never driven over the speed limit,gunpolitics,0.0,0.0,0.0,0.0,0.0,0.0,0.0,0.0
6284,oh my liberals have been busy havent they,gunpolitics,0.0,0.0,0.0,0.0,0.0,0.0,0.0,0.0
6307,i get so much name ads and bs conspiracy video recommendation just because i watch some gun videos i honestly hate our gun culture in this country,liberalgunowners,0.375,0.125,0.125,0.625,0.0,0.125,0.0,0.0
6323,stay strong friend,liberalgunowners,0.0,0.0,0.0,0.0,0.5,0.0,0.0,0.5
6560,exactly why my money goes to more guns and ammo,progun,1.0,1.0,0.0,0.0,1.0,0.0,1.0,1.0
6919,very interesting study,progun,0.0,0.0,0.0,0.0,0.0,0.0,0.0,0.0
7079,let the bourgeoisie draw first blood let there be no confusion about who shot first and there will be no question about who shoots last,progun,0.3333333333333333,0.0,0.0,0.3333333333333333,0.0,0.16666666666666666,0.16666666666666666,0.0
7819,conservatives love to agree with cryptofacists and pretend all accusations are a smear campaign,liberalgunowners,0.0,0.0,0.0,0.0,0.2,0.0,0.0,0.0
8058,sorry thought you were the other guy that said it was a privilege,gunpolitics,0.0,0.3333333333333333,0.0,0.0,0.0,0.0,0.0,0.0
8119,they arent wrong here in illinois ,liberalgunowners,0.0,0.0,0.0,0.0,0.0,0.0,0.0,0.0
8688,i really need to stop taking my guns fishing with me i keep losing them ,gunpolitics,0.3333333333333333,0.0,0.0,0.0,0.0,0.3333333333333333,0.0,0.0
8873,il is working double ot now to catch up to all that retardedness they want ammo serialized ffs,progun,0.0,0.0,0.0,0.0,0.0,0.0,0.3333333333333333,0.0
9527,name pulls publicity drama stunt with mild success ftfy,liberalgunowners,0.0,0.25,0.0,0.0,0.25,0.0,0.0,0.0
9610,hell yeah im really just thinking about the irony and double standard of the left its amazing that these people are that cognitive dissonant,gunpolitics,0.125,0.0,0.125,0.125,0.0,0.125,0.0,0.0
9820,bloody peasant,liberalgunowners,0.5,0.0,0.5,0.5,0.0,0.5,0.0,0.0
9913,typical spewing of logical fallacies by a dotard go back to bestgunnit and play with the other special needs children,liberalgunowners,0.0,0.0,0.0,0.0,0.25,0.0,0.0,0.0
10307,my girlfriends creepy uncle gets extremely triggered when i point this out or that a lot of conservatives are gigantic fudds,liberalgunowners,0.0,0.0,0.0,0.0,0.0,0.0,0.0,0.0
10337,is that good or bad,progun,0.5,0.5,0.5,0.5,0.5,0.5,0.5,0.5
10348,this should really be a libertariansocialists for gun rights meme i genuinely think there is a lot they have in common,liberalgunowners,0.3333333333333333,0.0,0.0,0.3333333333333333,0.0,0.0,0.0,0.0
10516,and yet you had to walk back your support of this bill when you found out it would catch up your shotgun,liberalgunowners,0.0,0.0,0.0,0.0,0.16666666666666666,0.0,0.16666666666666666,0.16666666666666666
10728,we arent a bunch of republican puppets like you believe,liberalgunowners,0.0,0.0,0.0,0.0,0.0,0.0,0.0,0.0
10843,wow never thought of it this way but thats a really good point,progun,0.0,0.6666666666666666,0.0,0.0,0.3333333333333333,0.0,0.3333333333333333,0.3333333333333333
10887,from a quick glance this account would seem to be glowing,gunpolitics,0.0,0.0,0.0,0.0,0.0,0.0,0.0,0.3333333333333333
11103,just read it how do these people get away with such garbage decisions,gunpolitics,0.0,0.0,0.3333333333333333,0.0,0.0,0.0,0.0,0.0
11439,iirc congressional opposition was the main obstacle for closing gitmo i could be misremembering but thats what i remember,progun,0.4,0.0,0.0,0.2,0.0,0.2,0.0,0.0
11522,well put yourself in his shoes though it could make for a possible hostile working environment as well as be detrimental to his livelihood,liberalgunowners,0.14285714285714285,0.0,0.14285714285714285,0.14285714285714285,0.0,0.0,0.0,0.0
11598,good its weird that polish gun culture is nearly nonexistent given their history as a country hopefully this is a step toward fixing that,progun,0.1111111111111111,0.1111111111111111,0.1111111111111111,0.1111111111111111,0.1111111111111111,0.0,0.1111111111111111,0.1111111111111111
11856,the president who signed it fdr,gunpolitics,0.0,0.0,0.0,0.0,0.0,0.0,0.0,1.0
12230,any time the results are known before the hypothesis is generated you should be very skeptical of the methods,progun,0.0,0.6666666666666666,0.0,0.0,0.0,0.0,0.3333333333333333,0.0
12277,scary times we live in,progun,,,,,,,,
12620,all of your examples are legal entities established as groups the religion church and lulac are a different concept then the name ,progun,0.0,0.25,0.0,0.0,0.5,0.0,0.0,0.75
12688,sorry thats a mistype i mean equally irresponsible,gunpolitics,0.0,0.0,0.0,0.0,0.0,0.0,0.0,0.0
12708,forget the prison use his own guns on him ,progun,0.5,0.0,0.0,0.5,0.0,0.5,0.0,0.0
12937,can we just go down there and propose a bill die the constitution not allow that an if were not allowed doesnt that count as non representation,gunpolitics,0.0,0.0,0.0,0.16666666666666666,0.0,0.16666666666666666,0.0,0.16666666666666666
13076,and will gore you bad if you dont drop them first,liberalgunowners,0.6666666666666666,0.0,0.6666666666666666,0.6666666666666666,0.0,0.6666666666666666,0.0,0.0
13090,name didnt actively take any guns or accessories from me name is stop repeating circa 2012 fox news propaganda to protect an active traitor,progun,0.14285714285714285,0.0,0.14285714285714285,0.14285714285714285,0.0,0.14285714285714285,0.0,0.0
13234,it also looks like it left an indented welt he took it well but i think he was in pain,liberalgunowners,0.0,0.0,0.0,0.3333333333333333,0.0,0.3333333333333333,0.0,0.0
13293,you dropped this,progun,,,,,,,,
13397,yeah its a weird thing people do,progun,0.0,0.0,0.3333333333333333,0.0,0.0,0.0,0.0,0.0
13428,me either but i sometimes fantasize about it,liberalgunowners,,,,,,,,
13517,what an immature response with a little passive agressive racism to boot classy,liberalgunowners,0.0,0.25,0.0,0.0,0.0,0.0,0.0,0.0
13992,police are on their way maam just stay calm,liberalgunowners,0.0,0.0,0.0,0.3333333333333333,0.0,0.0,0.0,0.3333333333333333
14115,hurr durr put well regulated back in the constitution ok name the fucking name,progun,0.0,0.0,0.0,0.0,0.0,0.0,0.0,0.0
14675,shhhhh you are devastating their argument you might trigger them its the only trigger they love,progun,0.4,0.0,0.2,0.2,0.2,0.2,0.0,0.2
14815,name damn it dude are you trying to ensure every gun owner in pa votes red because thats how you do that ,liberalgunowners,0.4,0.0,0.2,0.2,0.0,0.0,0.0,0.0
14981,gun ownership isnt a hobby or recreational its a right youre born with independently of where youre born,gunpolitics,0.25,0.25,0.0,0.25,0.5,0.0,0.0,0.0
15502,dude seriously they got some really weird and specifically targeted propaganda on their tv shows,liberalgunowners,0.0,0.0,0.5,0.0,0.0,0.0,0.0,0.0
15782,i dont like name as i love the 2nd amendment can we stop him ,gunpolitics,0.0,0.0,0.0,0.0,0.3333333333333333,0.0,0.0,0.0
16025,haaaaay its the nagr guy,gunpolitics,0.0,0.0,0.0,0.0,0.0,0.0,0.0,0.0
16149,ladies and gents i present to you your typical antigunner,progun,0.0,1.0,0.0,0.0,1.0,0.0,1.0,1.0
16582,until you provide a valid source nobody cares what your theory is so its downvoted,progun,0.0,0.3333333333333333,0.0,0.0,0.0,0.0,0.0,0.6666666666666666
16855,they never seem to think this when the police arrive with their guns to end a terrible situation ,progun,0.2,0.2,0.2,0.4,0.0,0.2,0.0,0.2
17245,its pretty cringe,liberalgunowners,0.0,0.5,0.5,0.5,0.5,0.5,0.0,0.5
17582,yeah it basically gives us carte blanche to challenge every single gun law lol name,progun,0.5,0.0,0.0,0.5,0.0,0.0,0.0,0.25
18023,i was well expecting the glee with which much of the userbase here would celebrate roadblocks being put up in front of the other,progun,0.0,0.25,0.0,0.0,0.25,0.0,0.0,0.0
18041,you know more liberals want more gun control than regular name do right ,liberalgunowners,0.3333333333333333,0.0,0.0,0.3333333333333333,0.0,0.0,0.0,0.0
18084,lol it is at least the leftist communities flat out tell you that youll be banned for it,liberalgunowners,0.0,0.0,0.0,0.0,0.0,0.0,0.0,0.0
18297,people more interested in kids and safety than making their books look good,liberalgunowners,0.0,0.2,0.2,0.0,0.2,0.2,0.2,0.2
18325,dont get insulted by it,liberalgunowners,,,,,,,,
18408,i dont wish abortions on any woman its a terrible thing to endure necessary sure but its still grim,liberalgunowners,0.4,0.2,0.4,0.4,0.0,0.4,0.0,0.0
18532,assault weapon are 26 ton weapons used by the nazis and soviets during ww2 i think youre mistaking it for semi auto rifle,gunpolitics,0.4,0.0,0.0,0.4,0.0,0.0,0.0,0.0
18626,be sure to do the promo and get your free scope mount and magazines,gunpolitics,0.0,0.0,0.0,0.0,0.0,0.0,0.0,0.0
18920,what i am aware it isnt permanent the other legals arent permanent either,progun,,,,,,,,
19257,it violates my right to enjoy my tinnitus eeeeeeeeeeeeeeeeeeeeeeeeeeeeeeeeeeeeeeeeeeeeeeeeeeeeeeeeeeeeeeeeeeeeeeeeeeeeeeeeeeeeeeeeeeeeeeeeeeeeeeeeeeeeeeeeeeeeeeeeeeeeeeeeeeeeeeeeeeeeeeeeeeeeeeeeeeeeeeeeeeeeeeeeeeeeeeeeeeeeeeeeeeeee,progun,0.0,0.5,0.0,0.0,0.5,0.0,0.0,0.5
19302,we need more name like name and name so far those are the only 2 who i have seen stick to their principles,gunpolitics,0.0,0.0,0.0,0.0,0.0,0.0,0.0,0.0
19426,i really try to not use that terminology as it is inconsistent and was made up by people who know little to nothing about firearms,liberalgunowners,0.5,0.0,0.0,0.5,0.0,0.0,0.0,0.0
19616,says one of the two people who keeps on responding to each comment with a very poorly argued position lacking both in research and in common sense,liberalgunowners,0.0,0.0,0.0,0.0,0.0,0.0,0.0,0.0
19982,ive never heard of their football team must be fake news s,liberalgunowners,0.0,0.25,0.0,0.0,0.25,0.0,0.0,0.25
20106,using an argument based on intolerance is frankly a bad strategic idea and borders on offensive it wont persuade anybody and it sounds ridiculous,liberalgunowners,0.5555555555555556,0.1111111111111111,0.4444444444444444,0.2222222222222222,0.0,0.1111111111111111,0.0,0.1111111111111111
20286,its racist,liberalgunowners,,,,,,,,
20423,when you gatekeep a community you ultimately hurt it,liberalgunowners,0.3333333333333333,0.3333333333333333,0.0,0.3333333333333333,0.0,0.3333333333333333,0.0,0.0
20558,seriously compare the trash nra puts out to the video that canadian coalition for firearm rights put out on their fb on tuesday,liberalgunowners,0.0,0.0,0.25,0.0,0.0,0.25,0.0,0.0
20708,thats pretty accurate,liberalgunowners,0.0,0.5,0.0,0.0,0.5,0.0,0.0,1.0
20944,lovely you enjoy that train of thought lad,progun,0.0,0.6,0.0,0.0,0.4,0.2,0.2,0.4
21936,did you miss the massive throbbing erection the dems had over the no fly no buy thing,liberalgunowners,0.0,0.0,0.0,0.0,0.0,0.0,0.0,0.0
22128,i know i didnt say i agreed with it did i,progun,0.0,0.0,0.0,0.0,0.0,0.0,0.0,1.0
22254,only ones who really suffer are sport and competition shooters which is likely the whole point what makes you think that,liberalgunowners,0.0,0.25,0.0,0.0,0.0,0.0,0.0,0.0
22299,such bullshit reloading components included not that theyd let that stand in subsequent laws if it is,liberalgunowners,0.0,0.0,0.0,0.0,0.0,0.0,0.0,0.0
22544,article is good not sure how it relates to carve outs for law enforcement,progun,0.0,0.2,0.0,0.0,0.2,0.0,0.2,0.4
23170,would the op care to explain what the thought was behind posting this here a warning for justification for potential upcoming guncontrol responses,progun,0.0,0.16666666666666666,0.0,0.16666666666666666,0.0,0.0,0.0,0.16666666666666666
23416,democrat politician my bad should have specified we are mostly all liberals here even if weve been alienated on this issue,liberalgunowners,0.2,0.0,0.2,0.2,0.0,0.4,0.0,0.0
23445,name has to use a gun to defend himself after multiple robberies and an attempted rape,progun,0.5,0.0,0.25,0.75,0.0,0.25,0.0,0.0
23694,oh no people will be able to protect themselves,gunpolitics,0.0,0.0,0.0,0.0,0.0,0.0,0.0,0.0
23901,lol the lefties are gonna see their arses over this,progun,,,,,,,,
23958,think youre forgetting about the shooting of name 6 dead including a federal judge ,liberalgunowners,0.25,0.0,0.0,0.25,0.0,0.0,0.0,0.0
24075,this is why i have backups off site that theyll never findtry as they will they will never disarm me,gunpolitics,0.0,0.0,0.0,0.0,0.0,0.0,0.0,0.0
24142,the wall requires taking land at gunpoint explain how that isnt tyranny,progun,0.0,0.0,0.0,0.25,0.0,0.25,0.0,0.25
24707,says the guy not replying to any counter points lmao,gunpolitics,0.0,0.0,0.0,0.0,0.0,0.0,0.0,0.0
25349,counterpoint acab,liberalgunowners,,,,,,,,
25879,lol this cant be possiblehey thanks for the link and info ill look into it,progun,0.5,0.0,0.5,0.5,0.0,0.5,0.0,0.0
25963,name campaign donation at work apparently sure didnt take long,liberalgunowners,0.0,0.2,0.0,0.0,0.0,0.0,0.0,0.0
26044,its cool,progun,0.0,0.0,0.0,0.0,0.0,0.0,0.0,0.0
26384,i dont know but theres probably a word for it in german,liberalgunowners,0.0,0.0,0.0,0.0,0.0,0.0,0.0,0.5
26476,something like that lol,progun,,,,,,,,
27079,a couple of times i thought she was going to start laughing,liberalgunowners,0.0,0.5,0.0,0.0,0.25,0.0,0.0,0.0
28368,protip the press misleads you about what is wrong in the world,progun,0.0,0.0,0.0,0.0,0.0,0.0,0.0,0.0
28717,im sure she does and she just doesnt want right wing peoplewhite people to have a gun,progun,0.3333333333333333,0.0,0.0,0.3333333333333333,0.0,0.0,0.0,0.0
29366,hold off a bit dallas is in a big time housing bubble wait for it to pop then strike ,gunpolitics,0.1111111111111111,0.2222222222222222,0.0,0.0,0.0,0.0,0.1111111111111111,0.0
29435,i love how youre making an assumption to try and make a point,liberalgunowners,0.0,0.0,0.0,0.0,0.25,0.0,0.0,0.0
29543,context is lost in the article no way to know how it was asked or how the person was behaving,liberalgunowners,0.0,0.0,0.0,0.0,0.0,0.25,0.0,0.0
29948,that would be really great but good luck,progun,0.0,1.0,0.0,0.0,1.0,0.0,1.0,0.5
31048,muh siege screw off if i wanted to listen to some name ramblings id go to my local range,gunpolitics,0.0,0.0,0.0,0.0,0.0,0.0,0.0,0.0
31071,and every name on reddit has an anxiety attack,progun,1.0,0.5,0.0,1.0,0.0,0.5,0.0,0.0
31132,wanting to have immigration controls is in no way shape or form racist ,progun,0.0,0.0,0.0,0.0,0.0,0.25,0.0,0.0
31161,hell yeah my dude and the best part is if i had the money i could get either or both of those right now ,gunpolitics,0.6666666666666666,0.3333333333333333,0.3333333333333333,0.3333333333333333,0.3333333333333333,0.3333333333333333,0.3333333333333333,0.3333333333333333
31316,i literally point out the same thing along with everyone in the youtube comments and get downvoted to oblivion love it,liberalgunowners,0.2,0.0,0.0,0.2,0.2,0.0,0.0,0.0
31361,quick get this man some firepower he must conform to the stereotype,liberalgunowners,0.0,0.0,0.0,0.0,0.0,0.0,0.0,0.0
31424,sounds like theyre not responsible and shouldnt have the right to have these,liberalgunowners,0.0,0.0,0.0,0.0,0.0,0.0,0.0,1.0
31494,bitch real man just panicking purchases a m82 barretnow excuse me while i hide from my wife for the next month,gunpolitics,0.14285714285714285,0.0,0.14285714285714285,0.2857142857142857,0.0,0.14285714285714285,0.0,0.14285714285714285
31591,i caught that little tidbit too very unbiased very factual,liberalgunowners,0.0,0.0,0.0,0.0,0.0,0.0,0.0,0.0
31688, honestly i think any maybe not ny state beats ca when it comes to gun laws wa is nipping at your heels,progun,0.3333333333333333,0.0,0.0,0.3333333333333333,0.0,0.0,0.0,0.0
32256,name a fucking idiot and needs to be primaried out,progun,0.0,0.0,1.0,0.0,0.0,0.0,0.0,0.0
32297,thats a surprise from this guy,progun,0.0,0.0,0.0,0.5,0.5,0.0,0.5,0.0
32407,i dont know it its fairly anti name after the bump stock ban im still holding out,liberalgunowners,0.0,0.0,0.0,0.0,0.0,0.0,0.0,0.2
32603,champaigns a weird town in that aspect,liberalgunowners,0.0,0.0,0.3333333333333333,0.0,0.0,0.0,0.0,0.0
33242,one of them shotting 22lr if i recall heck most the worst used a pistol ether exclusively or with a shotty too,liberalgunowners,0.0,0.0,0.0,0.0,0.0,0.0,0.0,0.0
33500,i carry on an empty but i also carry a single action so dont make my mistakes,progun,0.0,0.0,0.0,0.0,0.0,0.0,0.0,0.0
33631,i think thats dumb and simplistic you really cant boil down the sociology of race by comparing it to 224,liberalgunowners,0.0,0.0,0.3333333333333333,0.0,0.0,0.0,0.0,0.0
33667,most of them i know quit and went to work elsewhere 10 years and out here,progun,0.0,0.0,0.0,0.0,0.0,0.0,0.0,0.0
33736,that dad must love monster high as well,liberalgunowners,0.0,0.0,0.0,0.25,0.25,0.0,0.0,0.0
34520,i thought they were motor vehicle accidents,progun,0.0,0.3333333333333333,0.0,0.0,0.0,0.0,0.0,0.0
34841,project exile worked pretty well and it specifically targets criminals,gunpolitics,0.3333333333333333,0.3333333333333333,0.0,0.3333333333333333,0.3333333333333333,0.3333333333333333,0.0,0.3333333333333333
35381,can you please write up a summary of how the event went the live stream isnt working because they changed the venue thank you,liberalgunowners,0.0,0.0,0.0,0.0,0.0,0.0,0.0,0.0
35469,no guns  no gun violence how come no one has ever thought of this before,progun,0.6666666666666666,0.3333333333333333,0.0,0.6666666666666666,0.0,0.3333333333333333,0.0,0.0
35744,oh name,liberalgunowners,,,,,,,,
35797,because the people pushing the myth are either willfully ignorant or outright malicious,liberalgunowners,0.16666666666666666,0.0,0.3333333333333333,0.16666666666666666,0.0,0.16666666666666666,0.0,0.0
36110,i am more of a dumbass for building a 2500 308 ar10 for my first rifle regret it but just not willing to sell it till this day,liberalgunowners,0.16666666666666666,0.0,0.0,0.16666666666666666,0.0,0.16666666666666666,0.0,0.0
36293, saving the children because this will save a tiny of fraction of what could be saved with a cell phone ban,liberalgunowners,0.0,0.0,0.0,0.0,0.14285714285714285,0.0,0.0,0.14285714285714285
36327,it doesnt look cool,liberalgunowners,0.0,0.0,0.0,0.0,0.0,0.0,0.0,0.0
36640,im a revolver guy so ive always admired the rhino and its low bore axis design the rhino and the kimber k6s are on my list,liberalgunowners,0.16666666666666666,0.0,0.0,0.16666666666666666,0.0,0.16666666666666666,0.0,0.0
36699,you couldnt even figure those out wow speechless,liberalgunowners,0.0,0.0,0.0,0.0,0.0,0.0,0.0,0.0
36886,if you dont believe the government has the power to restrict things youre not a liberal youre an anarchist or a libertarian,liberalgunowners,0.2,0.0,0.0,0.4,0.0,0.2,0.0,0.0
37159,omg an attentive parent actually teaching their children to safely handle guns the horror,gunpolitics,0.2,0.0,0.2,0.2,0.0,0.2,0.2,0.2
37229,holy crap thats messed up,gunpolitics,0.0,0.0,0.5,0.0,0.0,0.0,0.0,0.0
38277,i should look up how close it is to missouri,liberalgunowners,0.0,0.0,0.0,0.0,0.0,0.0,0.0,0.0
38526,i dont understand why the name are so stubborn on this issue theyre just like the name on abortion damn the facts,liberalgunowners,0.25,0.0,0.5,0.25,0.0,0.25,0.0,0.25
38782,i would shoot a cop who shot my animal save the consequences for later you just assaulted and possibly mortally wounded my best friend acab,liberalgunowners,0.2857142857142857,0.0,0.0,0.42857142857142855,0.2857142857142857,0.14285714285714285,0.14285714285714285,0.42857142857142855
38914,but hey at least it saves us the trouble of contacting them,gunpolitics,,,,,,,,
39150,damn even here in ca the gun haters almost invariably exempt law enforcement from their crusade,gunpolitics,0.42857142857142855,0.0,0.14285714285714285,0.2857142857142857,0.0,0.0,0.0,0.14285714285714285
40257,it certainly is if the title of the meme is buh we dindu nuffin wouldnt you agree that sounds like a racist stereotype to me anyway,liberalgunowners,0.0,0.0,0.0,0.0,0.0,0.0,0.0,0.3333333333333333
40497,but guis i thought name was pro gun this should put the final nail in anyone still foolish enough to think that,liberalgunowners,0.16666666666666666,0.16666666666666666,0.0,0.16666666666666666,0.0,0.0,0.0,0.0
40716,if many people truly see that as a consequence id suggest sds public name needs some work sad,liberalgunowners,0.0,0.2,0.0,0.0,0.0,0.0,0.0,0.2
40837,thats a bingo,gunpolitics,,,,,,,,
42607,trump is pro gun,progun,0.5,0.0,0.0,0.5,0.0,0.0,0.5,0.0
43415,stuff like this makes me worry a little less about the future generations,progun,0.0,0.3333333333333333,0.0,0.3333333333333333,0.0,0.3333333333333333,0.0,0.0
43641,true but name mocking someone for making a choice that realistically isnt a choice at all is still an oblivious thing to do,liberalgunowners,0.16666666666666666,0.0,0.16666666666666666,0.0,0.16666666666666666,0.16666666666666666,0.0,0.16666666666666666
44684,please pass this we will finally get the same thing we have in california before scotus,progun,0.0,0.3333333333333333,0.3333333333333333,0.0,0.3333333333333333,0.0,0.3333333333333333,0.3333333333333333
44793,i think i would spontaneously combust from sheer delight,liberalgunowners,0.0,0.5,0.0,0.0,0.5,0.0,0.0,0.0
45464,they do poorly making me feel otherwise,liberalgunowners,0.0,0.0,0.0,0.0,0.0,0.0,0.0,0.0
46102,i mean im mad at him for posting that but thats just because im jealous of that p7,liberalgunowners,1.0,0.0,1.0,0.5,0.0,0.5,0.0,0.0
46346,name is a new york populist you might as well have voted for a name,progun,,,,,,,,
47778,that has literally never happened,liberalgunowners,0.0,0.0,0.0,0.0,0.0,0.0,0.0,0.0
48206,i love stories that end well makes the new year even better,progun,0.0,0.0,0.0,0.0,0.3333333333333333,0.0,0.0,0.0
48321,people who eat themselves to death are mentally ill in my opinion homicide is a deliberate and unlawful killing of a person by another person,progun,0.45454545454545453,0.09090909090909091,0.36363636363636365,0.45454545454545453,0.0,0.45454545454545453,0.09090909090909091,0.0
49029,that ruling is such a mess it gets the reason correct but the justices were so out of touch that the entire ruling was contradictory to that ,progun,0.0,0.0,0.14285714285714285,0.0,0.0,0.0,0.0,0.0
49373,this is the same woman who fought tooth and nail to have wrongful convictions upheld while she was a prosecutor she craves tyranny,progun,0.16666666666666666,0.0,0.16666666666666666,0.16666666666666666,0.0,0.3333333333333333,0.0,0.0
49539,while im grinding my pitchfork tines can i get a source on that,gunpolitics,0.0,0.0,0.0,0.0,0.0,0.0,0.0,0.0
50079,i was thinking 12 in each eye might stop the threat but if im being honest id be worried about the ensuing legal struggle,gunpolitics,0.375,0.0,0.125,0.375,0.125,0.375,0.0,0.25
50434,huh and all these years id been assured nobody was coming to take my guns its like they been lying the entire time,progun,0.16666666666666666,0.3333333333333333,0.16666666666666666,0.0,0.0,0.0,0.0,0.16666666666666666
50489,this is the tyranny right here not the drones and tanks they always use as straw men this man should not have a badge ever,liberalgunowners,0.0,0.0,0.0,0.25,0.0,0.25,0.0,0.25
50738,implying there was a shootout in the restaurant i wouldnt feel safe at all if i were caught in crossfire,progun,0.0,0.0,0.0,0.0,0.3333333333333333,0.0,0.0,0.3333333333333333
50881,unfortunately no one usually fights for their rights without a martyr,progun,0.0,0.0,0.0,1.0,0.0,1.0,0.0,0.0
51370,not happy,progun,0.0,1.0,0.0,0.0,1.0,0.0,0.0,1.0
51774,this makes me smile,progun,0.0,0.0,0.0,0.0,1.0,0.0,1.0,1.0
52175,name is a traitor to this country,gunpolitics,0.5,0.0,0.5,0.5,0.0,0.5,0.0,0.0
52344,surprised colorado aint got one the way things have been going here past couple years,progun,0.0,0.0,0.0,0.0,0.0,0.0,0.2,0.0
52446,yeah like you,gunpolitics,,,,,,,,
52582,yes they do and i am glad that you were able to change hers ,progun,0.0,0.5,0.0,0.5,0.5,0.0,0.0,0.0
52709,i didnt read your article but i suppose,progun,0.0,0.0,0.0,0.0,0.0,0.0,0.0,0.0
52769,funny coming from the party that is 1 in killing babies,gunpolitics,0.3333333333333333,0.3333333333333333,0.0,0.3333333333333333,0.0,0.3333333333333333,0.0,0.0
52939,you dont need elected officials to have power when you have the people on your side,liberalgunowners,0.0,0.0,0.0,0.0,0.0,0.0,0.0,0.0
53077,i think we all are,liberalgunowners,,,,,,,,
53356,this is seriously disturbing even more disturbing is that we arent doing anything about this and its going to expand watch ,progun,0.0,0.5,0.0,0.5,0.0,0.0,0.0,0.0
53967,you can vote for whomever you want even in the general its called a writein,liberalgunowners,0.5,0.5,0.0,0.0,0.5,0.5,0.5,1.0
54136,post this to rmurderedbywords i legit wanna see the teeth mashing,progun,0.0,0.0,0.0,0.0,0.0,0.0,0.0,0.0
55096,i remember thinking how smart i was then s,liberalgunowners,0.0,0.0,0.0,0.0,0.0,0.0,0.0,0.0
55186,nah man i just changed my mind ive gotten pms from here before lol,liberalgunowners,0.0,0.0,0.0,0.0,0.0,0.0,0.0,0.0
55382,its racism it doesnt make me angry it makes me feel sorry for their ignorance and yours,liberalgunowners,0.25,0.0,0.25,0.0,0.0,0.0,0.0,0.0
55619,regardless fight em every inch of the way like its the last hill to die on complacency is complicity ,gunpolitics,0.16666666666666666,0.0,0.0,0.3333333333333333,0.0,0.16666666666666666,0.0,0.0
56123,nothing is free,progun,,,,,,,,
56566,youre as cool as a handjob on a honeymoon go draw some anime and cry yourself to sleep,progun,0.0,0.2,0.0,0.0,0.2,0.2,0.2,0.2
56613,no youve gotta make it warm let it sit in the sun and have all the sugar dissolve into it then you chill it,gunpolitics,0.0,0.2,0.0,0.0,0.2,0.0,0.2,0.2
56984,name lets bring down the system faster,progun,0.0,0.0,0.0,0.0,0.0,0.0,0.0,0.5
57225,i cant believe we elected this goon,gunpolitics,,,,,,,,
58420,he is and will be irrelevant no worries,liberalgunowners,0.0,0.0,0.0,0.0,0.0,0.0,0.0,0.0
58738,weird i checked again and it works for me now it wasnt the first few times i tried to click,gunpolitics,0.0,0.0,0.3333333333333333,0.0,0.0,0.0,0.0,0.0
59236,i answered and then asked if you can think of any legitimate uses apparently you cant,liberalgunowners,0.0,0.0,0.0,0.0,0.0,0.0,0.0,0.0
59433,once i dropped mine on my foot so i grounded him to a fudd range for a weekend it was tough for both of us,progun,0.0,0.0,0.0,0.25,0.0,0.5,0.0,0.0
59527,welp the gops removing their last appeal for me,liberalgunowners,0.0,1.0,0.0,0.0,0.0,0.0,0.0,0.0
60338,a thursday night rampage that killed the 22yearold officer and shot up a surrounding downtown neighborhood not exactly a constitutional standoff with the government,progun,0.3333333333333333,0.1111111111111111,0.0,0.4444444444444444,0.0,0.1111111111111111,0.1111111111111111,0.2222222222222222
60369,exactly some ammo is already cheaper than that,liberalgunowners,,,,,,,,
60812,its soaked frostbitten chic,liberalgunowners,0.0,0.0,0.0,0.0,0.0,0.0,0.0,0.0
61210,oh interesting i must have got in a while ago,liberalgunowners,0.0,0.0,0.0,0.0,0.0,0.0,0.0,0.0
61230,keep stocking that steel core ammo bois,progun,0.0,0.0,0.0,0.0,0.0,0.0,0.0,0.0
61787,chicken and the egg argument gun companies dont donate to name because they have gun control on their platform this goes back decades mind you,liberalgunowners,0.3333333333333333,0.0,0.0,0.3333333333333333,0.0,0.0,0.0,0.0
61870,depends on what you want to do but id buy this,liberalgunowners,0.0,0.0,0.0,0.0,0.0,0.0,0.0,0.0
62298,well that was dumb,liberalgunowners,0.0,0.0,0.0,0.0,0.0,0.0,0.0,0.0
62367,bullock and warner are the only two dems without an f rating from the nra that i could see running,liberalgunowners,0.3333333333333333,0.0,0.0,0.3333333333333333,0.0,0.3333333333333333,0.0,0.0
63217,id have to really contemplate that but my huntch is to agree,gunpolitics,0.0,0.0,0.0,0.0,0.0,0.0,0.0,0.0
63319,a man of culture i see,liberalgunowners,0.0,0.0,0.0,0.0,0.0,0.0,0.0,0.0
63446,great article thanks for posting,gunpolitics,0.0,0.0,0.0,0.0,0.0,0.0,0.0,0.0
63469,not if he signs it and he has made statements that contradict the 2nd amendment in the past,liberalgunowners,0.3333333333333333,0.0,0.0,0.0,0.0,0.0,0.0,0.0
63489,thanks boss finally got a sibling for the glock,liberalgunowners,0.0,0.5,0.5,0.0,0.5,0.0,0.5,0.5
64404,best of luck with your new religion,progun,0.0,0.5,0.0,0.0,0.5,0.0,0.5,0.5
64525,enjoy you salad,progun,0.0,0.5,0.0,0.0,0.5,0.0,0.0,0.5
64548,its bad law i wouldnt be surprised either,liberalgunowners,0.3333333333333333,0.0,0.3333333333333333,0.3333333333333333,0.0,0.3333333333333333,0.3333333333333333,0.3333333333333333
65583,sorry i am avoiding arguments today enjoy the video,progun,0.25,0.25,0.0,0.25,0.25,0.0,0.0,0.25
67215,im not sure it was name that changed the definition as much as it was the atf,progun,0.0,0.0,0.0,0.0,0.0,0.0,0.0,0.0
68396,id rather not thank you seeing her play that evil emperor in that star wars movie was quite enough,gunpolitics,0.2,0.2,0.2,0.2,0.2,0.2,0.0,0.2
69196,ehhhh i dont think so iirc name was responsible for that russian embargo and hes the reason why aks are so expensive now,progun,0.0,0.0,0.0,0.0,0.0,0.0,0.0,0.25
69755,i havent seen a sign like that on mine not that it would carry the force of law anyway in florida,progun,0.2,0.0,0.0,0.2,0.0,0.0,0.0,0.2
70027,i know they are treated very well but some of them do die,progun,0.0,0.0,0.0,1.0,0.0,1.0,0.0,0.0
70214,lots of us in texas dallas is a nice mix of moderate conservatives libertarians and moderate liberals i like it here,liberalgunowners,0.0,0.0,0.0,0.0,0.0,0.0,0.0,0.0
70374,find a new doctor if he isnt willing to treat people because of political affiliation then hes a horrible doctor and an even worse person,progun,0.2222222222222222,0.1111111111111111,0.2222222222222222,0.3333333333333333,0.1111111111111111,0.2222222222222222,0.1111111111111111,0.3333333333333333
70414,meet me in the parking lot after school tough guy bring your guns,progun,0.0,0.0,0.0,0.0,0.0,0.16666666666666666,0.0,0.16666666666666666
71784,as i said in my other comment no most probably dont but we should all be alarmed at how they were banned ,liberalgunowners,0.0,0.0,0.0,0.0,0.0,0.0,0.0,0.0
72384,nah mine was wrapped around my neck and i am a gun loving medical student,progun,0.16666666666666666,0.16666666666666666,0.0,0.3333333333333333,0.16666666666666666,0.0,0.0,0.3333333333333333
72917,thanks man hope the holidays were good to you and yours ,progun,0.0,0.6666666666666666,0.0,0.0,0.6666666666666666,0.0,0.6666666666666666,0.6666666666666666
73653,you just defended him with a bunch of doublespeak bullshit so im gonna have to disagree youre a fucking idiot,gunpolitics,0.25,0.0,0.25,0.0,0.0,0.0,0.0,0.25
73739,because its the one right that we hope to never need at least in the sense of revolt or self defense,liberalgunowners,0.5,0.5,0.0,0.25,0.25,0.0,0.5,0.25
74010,they cannot bypass racial discrimination without facing a serious backlash,liberalgunowners,0.5,0.0,0.5,0.5,0.0,0.5,0.0,0.0
74277,not to mention people who illegally own guns probably arent going to admit it for a study either,liberalgunowners,0.0,0.0,0.0,0.0,0.0,0.0,0.0,0.0
74562,do your own research its not my job to educate you,progun,0.0,0.0,0.0,0.0,0.0,0.0,0.0,0.0
74911,or in the language of the msm unwanted home visitors,progun,0.0,0.0,0.0,0.0,0.0,0.0,0.0,0.0
75037,yes the native name at the hands of the european settlers laughs in name ,liberalgunowners,0.0,0.0,0.0,0.0,0.0,0.0,0.0,0.0
76222,how so how do you keep stupid people from voting,liberalgunowners,0.0,0.0,0.0,0.0,0.0,0.0,0.0,0.0
77094,rural mo the nearest whole foods is an hour away i cant imagine too many name could handle the distance,liberalgunowners,0.0,0.0,0.0,0.0,0.0,0.0,0.0,0.0
78494,seems like an odd hypothetical question to ask,liberalgunowners,0.0,0.0,0.0,0.0,0.0,0.0,0.0,0.0
78531,hes a brave man,progun,0.0,0.0,0.0,0.0,0.0,0.0,0.0,0.0
78716,bit too left for me lol,liberalgunowners,0.0,0.0,0.0,0.0,0.0,0.0,0.0,0.0
78794,dat trigger discipline though,liberalgunowners,0.0,0.0,0.0,0.5,0.0,0.0,0.0,0.0
79624,then steal their jets,progun,1.0,0.0,0.0,1.0,0.0,1.0,0.0,0.0
79878,i was wrong about that one part ive edited my comment to reflect my mistake thanks for posting the relevant bit of the bill,liberalgunowners,0.0,0.0,0.0,0.0,0.0,0.125,0.0,0.125
80860,whats a leppo,progun,,,,,,,,
80892,short answer fuck no dont ever fall for it dont make the same mistake canada has,liberalgunowners,0.0,0.0,0.0,0.0,0.0,0.4,0.0,0.0
80899,r2aliberals checking in welcome my leftist gun supporter upvote for 2a solidarity even though we probably disagree on literally everything else,progun,0.4,0.0,0.0,0.2,0.2,0.0,0.0,0.4
81011,ok man i am relatively new so i know what worked for me and i based off of much of the advice i got partially from this reddit lol,liberalgunowners,0.0,0.0,0.0,0.0,0.0,0.0,0.0,0.3333333333333333
81470,dont use gay as an insult,liberalgunowners,1.0,0.0,1.0,0.0,0.0,1.0,1.0,0.0
82236,exactly i forget what the killed per year in a school shooting figure is but its shockingly low,progun,0.16666666666666666,0.0,0.0,0.16666666666666666,0.0,0.0,0.16666666666666666,0.16666666666666666
82491,as the pot bros always say when the cops ask you questions shut the fuck up,gunpolitics,0.0,0.0,0.0,0.0,0.0,0.0,0.0,0.0
82734,dang ol megalow mart on frye,progun,0.0,0.0,0.0,0.0,0.0,0.0,0.0,0.0
82787,pretty sure hes a navy seal in the top of his class,liberalgunowners,0.0,0.4,0.0,0.0,0.2,0.0,0.0,0.6
82995,fuck it its time we spend not adding to the debt,gunpolitics,0.0,0.3333333333333333,0.0,0.0,0.0,0.3333333333333333,0.0,0.0
83661,that doesnt seem like very responsible presentation of findings,liberalgunowners,0.0,0.0,0.0,0.0,0.0,0.0,0.0,0.5
84814,gotta love how these are mostly done at churches no separation there,gunpolitics,0.0,0.0,0.0,0.0,0.5,0.0,0.0,0.0
85034,well i hope so i work in a pawnshop in a not great part of town and id love to be able to carry,gunpolitics,0.0,0.16666666666666666,0.0,0.0,0.3333333333333333,0.0,0.16666666666666666,0.16666666666666666
85069,i discussed this shop with my cop buddy he also trusts it thanks,liberalgunowners,0.0,0.3333333333333333,0.0,0.3333333333333333,0.3333333333333333,0.0,0.0,0.6666666666666666
85121,hmm were you trying to prove your inability to read or just your inability to comprehend either way youve effectively done so,liberalgunowners,0.0,0.0,0.0,0.0,0.0,0.4,0.0,0.0
87064,i think it should be a felony kind of crazy that illegally entering a country is such a minimal offense,liberalgunowners,0.3333333333333333,0.0,0.16666666666666666,0.3333333333333333,0.16666666666666666,0.3333333333333333,0.0,0.16666666666666666
87783,below springfield illinois dweller checking in thanks for sharing the ilguns sub,liberalgunowners,0.0,0.0,0.0,0.0,0.0,0.0,0.0,0.0
88748,just like name was going to win by 90 im not going to believe it until i see it,progun,,,,,,,,
88954,not all name is cool if he ever runs again in the primaries he will get my vote,progun,0.5,0.5,0.0,0.0,0.5,0.5,0.5,0.5
89672,pretty sure the legislature needs to change laws,liberalgunowners,0.0,0.3333333333333333,0.0,0.3333333333333333,0.3333333333333333,0.0,0.0,0.6666666666666666
90012,name represent,liberalgunowners,,,,,,,,
90628,ah i was confused which side you were on p,gunpolitics,0.0,0.0,0.0,0.0,0.0,0.0,0.0,0.0
90857,im not having any thoughts that are safe for me to publicly type,gunpolitics,0.0,0.0,0.0,0.0,0.25,0.0,0.0,0.25
91185,theres a user here that advocates for disarmament and authoritarianism ive noticed that a new username pops up periodically with similar content views,liberalgunowners,0.0,0.0,0.0,0.0,0.3333333333333333,0.0,0.0,0.3333333333333333
91471,oo oo i know this one me,gunpolitics,,,,,,,,
93027,thank name for state rights,progun,0.0,0.0,0.0,0.0,0.0,0.0,0.0,0.0
93094,why not my parole finalized in december ive already done my time,liberalgunowners,0.0,1.0,0.0,0.0,0.0,0.0,0.0,0.0
93540,you werent here for the original wording but thanks for playing,progun,0.0,0.0,0.0,0.0,0.0,0.0,0.0,0.0
95433,do they not remember the sro who responded to a school shooting returning fire in under a minute,progun,0.2,0.0,0.0,0.4,0.0,0.0,0.0,0.2
95845,youre an angry elf,liberalgunowners,1.0,0.0,1.0,0.5,0.0,0.0,0.0,0.0
95942,bad news dude youre almost 100 years past that,gunpolitics,0.25,0.0,0.25,0.25,0.0,0.25,0.0,0.0
96129,the automatic double action loophole,liberalgunowners,0.0,0.0,0.0,0.0,0.0,0.0,0.0,0.25
96611,thanks for the clarity,liberalgunowners,0.0,0.0,0.0,0.0,0.0,0.0,0.0,0.0
97411,youre mixed up little buddy,progun,0.0,0.5,0.0,0.0,0.5,0.0,0.0,0.5
97690,laughs in uneducated finnish farmer on skis,progun,0.0,0.0,0.0,0.0,0.0,0.5,0.0,0.0
98241,so you just dont believe we should have nonprofit organizations i guess thats consistent at least,liberalgunowners,0.0,0.0,0.0,0.0,0.0,0.0,0.5,0.0
99771,he must really hate changing dies,progun,0.5,0.0,0.5,0.5,0.0,0.5,0.0,0.0
100024,best way to fight it is to fight it in every way,liberalgunowners,1.0,0.0,0.0,1.0,0.0,0.0,0.0,0.0
102020,its happening,liberalgunowners,0.0,0.0,0.0,0.0,0.0,0.0,0.0,0.0
102234,so everyone elses advice is invalid elaborate,progun,0.0,0.0,0.0,0.0,0.0,0.3333333333333333,0.0,0.3333333333333333
102532,you monster think of the children,liberalgunowners,0.0,0.0,0.0,1.0,0.0,0.0,0.0,0.0
106868,and they sneak the bit about reckless driving and speeding in at the end as making one a prohibited person this is absurd,gunpolitics,0.42857142857142855,0.0,0.14285714285714285,0.42857142857142855,0.0,0.0,0.14285714285714285,0.0
107552,it wouldnt have been hard to get more votes than name because name was so hated,progun,,,,,,,,
107647,trespassing in texas and youll get shot i wouldve shot them,liberalgunowners,1.0,0.0,0.0,1.0,0.0,1.0,1.0,0.0
109300,you need help,gunpolitics,,,,,,,,
109813,this is  and i say this in all sincerity  the _weakest_ troll attempt ive seen in years,liberalgunowners,0.25,0.25,0.0,0.25,0.0,0.0,0.0,0.0
110507,ive made snapchats like this for friends,gunpolitics,,,,,,,,
113422, to bad everyone is to weak and comfortable in their homes slaving away in an open air debtors prison to stand up to the government ftfy,progun,0.3333333333333333,0.0,0.16666666666666666,0.5,0.0,0.3333333333333333,0.0,0.0
114733,crazy when the police are becoming more militarized to deal with threats you could almost lump them into the 3rd amendment based on that alone ,progun,0.2,0.2,0.0,0.4,0.2,0.2,0.2,0.4
116212,you are and so am i,liberalgunowners,,,,,,,,
116235,did no one notice that it mentions maryland in the title text but goes on to talk about massachusetts in the body text,progun,0.0,0.0,0.0,0.0,0.0,0.0,0.0,0.16666666666666666
119050,its not free though its ridiculously expensive,progun,0.0,0.0,0.0,0.0,0.0,0.0,0.0,0.0
119322,ive wanted one ever since name dual wielded them in bad boys 2,liberalgunowners,0.5,0.0,0.5,0.5,0.0,0.5,0.0,0.0
122416,i dont want my kids exposed to that information they might get curious and want to try it themselves,liberalgunowners,0.0,0.0,0.0,0.0,0.0,0.0,0.0,0.0
124391,well since they hate cops and love criminals this fits for them,progun,0.6666666666666666,0.0,0.3333333333333333,0.3333333333333333,0.3333333333333333,0.3333333333333333,0.0,0.0
126876,didnt realize they were shipping the challenge coins with israeli fal rifles that makes this whole thing even weirder,liberalgunowners,0.25,0.0,0.0,0.25,0.0,0.0,0.0,0.0
133799, the frothing at the mouth over the primary arms charging handle what was this,liberalgunowners,0.0,0.0,0.0,0.0,0.0,0.0,0.25,0.0
133896,they want to make gun ownership so expensive and onerous that people wont even bother,liberalgunowners,0.25,0.125,0.0,0.125,0.0,0.125,0.0,0.0
133964,looks like you brought a nice variety for her to try hope she enjoyed it,liberalgunowners,0.0,0.5,0.0,0.0,0.5,0.0,0.5,0.5
134042,i feel like this is coming to nv soon as well and im not so sure about how it will go,gunpolitics,0.0,0.5,0.0,0.0,0.0,0.0,0.0,0.0
136310,i was ok till that last one,liberalgunowners,0.0,0.0,0.0,0.0,0.0,0.0,0.0,0.0
138323,okay thats cool i was asking because i didnt know yall better stop downvoting me,progun,0.0,0.0,0.0,0.0,0.0,0.0,0.0,0.0
141065,stupid democrats,progun,0.0,0.0,0.0,0.0,0.0,0.0,0.0,0.0
146283,no im anti racism,liberalgunowners,,,,,,,,
146393,just read the text of this amendment i am literally sick to my stomach from reading this this must not stand,gunpolitics,0.0,0.0,0.25,0.0,0.0,0.125,0.0,0.0
149462,ah i misunderstood what he was going for sorry my bad,progun,1.0,0.0,1.0,1.0,0.0,1.0,0.0,0.0
159343,used to be just bad on the 2nd now they are folding on other rights as well,progun,1.0,0.0,1.0,1.0,0.0,1.0,0.0,0.0
161004,when you glossed over name history to make a cheap shot at a democrat that type of dishonesty is kind of your trademark,gunpolitics,0.125,0.0,0.125,0.125,0.125,0.125,0.125,0.125
168438,i think theres a line between edgy and racist that this meme clearly crosses name is still funny this is just racist,liberalgunowners,0.0,0.0,0.0,0.0,0.0,0.0,0.0,0.0
174902,and i wish i wasnt lumped in with new jersey,gunpolitics,0.0,0.0,0.0,0.0,0.0,0.0,0.0,0.0
185689,yes im an idiot checks out,progun,0.0,0.0,1.0,0.0,0.0,0.0,0.0,0.0
