text,id,author,subreddit,link_id,parent_id,created_utc,rater_id,vader_positive,vader_negative,vader_neutral,vader_compound,token_count,nrc_anger_count,nrc_anger_rate,nrc_anticipation_count,nrc_anticipation_rate,nrc_disgust_count,nrc_disgust_rate,nrc_fear_count,nrc_fear_rate,nrc_joy_count,nrc_joy_rate,nrc_negative_count,nrc_negative_rate,nrc_positive_count,nrc_positive_rate,nrc_sadness_count,nrc_sadness_rate,nrc_surprise_count,nrc_surprise_rate,nrc_trust_count,nrc_trust_rate
Lol. Build your own or make some tweaks to the printer.,eenji2u,Lepreco-Inc,progun,t3_aier3m,t1_eenapev,1548114200,6,0.219,0.0,0.781,0.4215,11,0,0.0,0,0.0,0,0.0,0,0.0,0,0.0,0,0.0,1,0.09090909090909091,0,0.0,0,0.0,0,0.0
"Weird how the cops can pick and choose which laws to enforce and when, but I guess that explains a lot.",ef75ws9,The_Sad_Deku,gunpolitics,t3_akp27t,t3_akp27t,1548705300,26,0.0,0.063,0.937,-0.09,21,1,0.047619047619047616,0,0.0,1,0.047619047619047616,1,0.047619047619047616,0,0.0,2,0.09523809523809523,2,0.09523809523809523,0,0.0,1,0.047619047619047616,0,0.0
Or perhaps we should look at the bigger problem: mental healthcare in the United States.,edwk47h,[deleted],liberalgunowners,t3_af29k8,t1_edv6ijs,1547313400,50,0.151,0.146,0.703,0.0258,15,0,0.0,0,0.0,0,0.0,1,0.06666666666666667,0,0.0,1,0.06666666666666667,1,0.06666666666666667,1,0.06666666666666667,0,0.0,1,0.06666666666666667
Ignorance is strength.,edzaz6n,Squiddy_titties,progun,t3_afimpr,t1_edz4wf0,1547395100,12,0.478,0.373,0.149,0.1779,3,0,0.0,0,0.0,0,0.0,0,0.0,0,0.0,1,0.3333333333333333,1,0.3333333333333333,0,0.0,0,0.0,1,0.3333333333333333
"I knew I didn't like this guy when the NPR commentator said ""He's the best option for attorney general right now""",ee71ta7,ajt666,progun,t3_agkox5,t3_agkox5,1547649700,16,0.166,0.083,0.751,0.4749,21,1,0.047619047619047616,0,0.0,0,0.0,1,0.047619047619047616,0,0.0,0,0.0,4,0.19047619047619047,0,0.0,0,0.0,2,0.09523809523809523
"And in some aren't permitted outside the home without a lawful, legitimate purpose.",eenlie8,DammitDan,progun,t3_ai593r,t1_eelftvl,1548115700,6,0.0,0.0,1.0,0.0,13,0,0.0,0,0.0,0,0.0,0,0.0,0,0.0,0,0.0,1,0.07692307692307693,0,0.0,0,0.0,1,0.07692307692307693
How so. What is the basis for your feeling of universal entitlement?,eeugdp1,justbingitxxx,progun,t3_aj7nto,t1_eeufqlx,1548340900,18,0.12,0.0,0.88,0.128,12,1,0.08333333333333333,1,0.08333333333333333,1,0.08333333333333333,1,0.08333333333333333,1,0.08333333333333333,1,0.08333333333333333,1,0.08333333333333333,1,0.08333333333333333,1,0.08333333333333333,1,0.08333333333333333
"Sorry, you misread. I thought you'd written ""why had they done that"". IIRC, it's in the report they published. ",eezgysw,AdHomimeme,progun,t3_ajrzis,t1_eezgs8r,1548472200,46,0.0,0.167,0.833,-0.34,19,0,0.0,1,0.05263157894736842,0,0.0,0,0.0,0,0.0,0,0.0,0,0.0,0,0.0,0,0.0,0,0.0
SAF is also in the list for Facebook. I triggered some people when I set my birthday fundraiser up.,ed9kwvh,shikkie,gunpolitics,t3_acnfv1,t1_ed9jg2i,1546648700,5,0.0,0.0,1.0,0.0,19,0,0.0,1,0.05263157894736842,0,0.0,0,0.0,1,0.05263157894736842,0,0.0,1,0.05263157894736842,0,0.0,1,0.05263157894736842,0,0.0
There is clearly something really goddamned wrong with the policy then.,edekjf0,DMooseJ,liberalgunowners,t3_ad5toc,t1_edegg8e,1546800900,22,0.157,0.377,0.466,-0.5819,11,0,0.0,0,0.0,0,0.0,0,0.0,0,0.0,1,0.09090909090909091,0,0.0,0,0.0,0,0.0,1,0.09090909090909091
"To be fair, the illegal should have been out of country. ",edo7oki,fiik,progun,t3_ae6v8z,t1_ednbjsi,1547076700,39,0.154,0.242,0.604,-0.3182,11,1,0.09090909090909091,0,0.0,1,0.09090909090909091,1,0.09090909090909091,0,0.0,1,0.09090909090909091,1,0.09090909090909091,1,0.09090909090909091,0,0.0,0,0.0
"I think it’s a bit more complicated than that, it also would appear I may have been misunderstood.",ef6xwp8,Slowroll900,gunpolitics,t3_akp27t,t1_ef6xbtl,1548700400,39,0.0,0.124,0.876,-0.34,18,0,0.0,0,0.0,0,0.0,0,0.0,0,0.0,1,0.05555555555555555,0,0.0,0,0.0,0,0.0,0,0.0
"I loathe him too, but I couldn't even get on board with lynching him. Not even that obnoxious twat [NAME]",ednmhrc,bagofwisdom,liberalgunowners,t3_ae9x2m,t1_ednmcdm,1547062300,50,0.113,0.289,0.598,-0.7167,20,2,0.1,1,0.05,2,0.1,0,0.0,0,0.0,2,0.1,0,0.0,1,0.05,0,0.0,0,0.0
Get the lad a prize.,ednjt02,cIi-_-ib,progun,t3_ae792j,t1_ednj9r1,1547060500,49,0.452,0.0,0.548,0.5106,5,0,0.0,0,0.0,0,0.0,0,0.0,0,0.0,0,0.0,0,0.0,0,0.0,0,0.0,0,0.0
"Wonder if her steel balls make the same sound, clanging together, when they're frozen?",edl1myf,MoneyMik3y,progun,t3_adfwbp,t3_adfwbp,1546979500,62,0.0,0.0,1.0,0.0,14,0,0.0,0,0.0,0,0.0,0,0.0,0,0.0,0,0.0,0,0.0,0,0.0,0,0.0,0,0.0
"But the poster, on the other hand...",ed5ljmp,jajajajaj,liberalgunowners,t3_ac2kqm,t1_ed5hjp1,1546529800,70,0.417,0.0,0.583,0.6486,7,0,0.0,0,0.0,0,0.0,0,0.0,0,0.0,0,0.0,0,0.0,0,0.0,0,0.0,0,0.0
Very well said.,ed4bwcs,BrianPurkiss,progun,t3_abx0h7,t1_ed4b9o8,1546479500,27,0.545,0.0,0.455,0.3384,3,0,0.0,0,0.0,0,0.0,0,0.0,0,0.0,0,0.0,0,0.0,0,0.0,0,0.0,0,0.0
Not bad at all.,edvct1g,2ChanceRescue,liberalgunowners,t3_actskz,t1_edd0re9,1547271000,36,0.487,0.0,0.513,0.431,4,1,0.25,0,0.0,1,0.25,1,0.25,0,0.0,1,0.25,0,0.0,1,0.25,0,0.0,0,0.0
"Unfortunately 22tcm is not standardized, as long as it's Armscor exclusive it's irrelevant.",edbhzf7,deimosian,liberalgunowners,t3_actskz,t3_actskz,1546714800,70,0.101,0.161,0.738,-0.2263,13,0,0.0,1,0.07692307692307693,0,0.0,0,0.0,0,0.0,1,0.07692307692307693,0,0.0,0,0.0,0,0.0,0,0.0
"Yes, clearly u/backwoodmenace was repeating misinformation intentionally.",edv47dh,Glblwrmingisfak,progun,t3_af0tv8,t1_edumm9u,1547263100,4,0.462,0.197,0.342,0.4767,7,0,0.0,0,0.0,0,0.0,0,0.0,0,0.0,0,0.0,0,0.0,0,0.0,0,0.0,0,0.0
Damn this got me,ef18buu,HelsinkiTorpedo,liberalgunowners,t3_ajz7fs,t1_ef06c43,1548529000,72,0.0,0.474,0.526,-0.4019,4,1,0.25,0,0.0,1,0.25,0,0.0,0,0.0,1,0.25,0,0.0,0,0.0,0,0.0,0,0.0
This is why you dont brag online and post personal gun pics. It can be used against you in a court of law.,eexr10w,cons_NC,progun,t3_ajkonn,t3_ajkonn,1548432100,61,0.0,0.098,0.902,-0.34,23,2,0.08695652173913043,1,0.043478260869565216,0,0.0,2,0.08695652173913043,0,0.0,2,0.08695652173913043,0,0.0,0,0.0,0,0.0,2,0.08695652173913043
Just make sure you don't go too far and get a 17hmr!,eely36d,SniperJF,progun,t3_ai593r,t1_eelkrvu,1548067200,16,0.191,0.0,0.809,0.3802,12,0,0.0,0,0.0,0,0.0,0,0.0,0,0.0,0,0.0,0,0.0,0,0.0,0,0.0,0,0.0
What rights do men have that women don't in the west? Damn.,eemkx7a,ThatNetori,progun,t3_ai593r,t3_ai593r,1548090000,52,0.0,0.197,0.803,-0.4019,12,1,0.08333333333333333,0,0.0,1,0.08333333333333333,0,0.0,0,0.0,1,0.08333333333333333,0,0.0,0,0.0,0,0.0,0,0.0
"Given that the murder rate is primarily caused by the so-called ""war on drugs"", I don't see how gun laws would affect it at all. ",edpsq4n,[deleted],liberalgunowners,t3_aeiys0,t1_edprddl,1547134500,57,0.062,0.264,0.674,-0.8207,25,2,0.08,0,0.0,1,0.04,3,0.12,0,0.0,3,0.12,0,0.0,1,0.04,1,0.04,0,0.0
They dont mind a second trump term if [NAME] 2020 looks likely,edru75z,NorthernRedwood,liberalgunowners,t3_aeiys0,t1_edppsxs,1547178400,61,0.0,0.0,1.0,0.0,12,0,0.0,0,0.0,0,0.0,0,0.0,0,0.0,0,0.0,0,0.0,0,0.0,1,0.08333333333333333,0,0.0
See my post about Ohio above. Not as bad as you think.,eetcctg,jimhjim,gunpolitics,t3_aj2a74,t1_eescljs,1548297000,61,0.206,0.0,0.794,0.431,12,1,0.08333333333333333,0,0.0,1,0.08333333333333333,1,0.08333333333333333,0,0.0,1,0.08333333333333333,0,0.0,1,0.08333333333333333,0,0.0,0,0.0
"That's a stock photo, bud.",edu3npv,CarlTheRedditor,liberalgunowners,t3_aewye1,t1_edu2yxu,1547237800,22,0.0,0.0,1.0,0.0,5,0,0.0,0,0.0,0,0.0,0,0.0,0,0.0,0,0.0,0,0.0,0,0.0,0,0.0,0,0.0
Funny how the whole rape thing just vanished once he was appointed.,ee5baii,MizchiefKilz,liberalgunowners,t3_agau67,t1_ee5650v,1547585900,66,0.165,0.267,0.568,-0.4215,12,1,0.08333333333333333,0,0.0,1,0.08333333333333333,2,0.16666666666666666,0,0.0,2,0.16666666666666666,0,0.0,2,0.16666666666666666,1,0.08333333333333333,0,0.0
"I wish, the brainwashed idiots here in California love her. It makes me sick. California is a lost cause.",efd8e5q,TPBfan74,gunpolitics,t3_al9h43,t1_efbzpwy,1548864100,19,0.251,0.204,0.545,0.3182,19,0,0.0,0,0.0,1,0.05263157894736842,0,0.0,1,0.05263157894736842,2,0.10526315789473684,1,0.05263157894736842,2,0.10526315789473684,0,0.0,0,0.0
I really despise that woman.,edu24ow,DawnPatrol80136,gunpolitics,t3_aeyrw2,t3_aeyrw2,1547236900,15,0.0,0.402,0.598,-0.4005,5,1,0.2,0,0.0,1,0.2,0,0.0,0,0.0,1,0.2,0,0.0,0,0.0,0,0.0,0,0.0
"It's an ""inconvenient truth"" as someone once said. :)",ed33tvv,theslimreaper2,progun,t3_abu4ux,t1_ed33gud,1546447400,60,0.387,0.175,0.438,0.4404,8,1,0.125,0,0.0,1,0.125,0,0.0,0,0.0,1,0.125,1,0.125,1,0.125,0,0.0,1,0.125
Came here to say this. I thank you kindly. Long live America. 😁,ed0n4bz,ScruffyUSP,liberalgunowners,t3_abibfg,t1_ed0mvvu,1546359800,61,0.383,0.0,0.617,0.8271,12,0,0.0,1,0.08333333333333333,0,0.0,0,0.0,0,0.0,0,0.0,0,0.0,0,0.0,0,0.0,0,0.0
Who brings a gun to a middle school in the first place? This kid was not right.,efappw6,Shy_Guy_1919,liberalgunowners,t3_ak0v4t,t1_ef0l1v3,1548796500,62,0.0,0.13,0.87,-0.34,17,1,0.058823529411764705,0,0.0,0,0.0,1,0.058823529411764705,0,0.0,1,0.058823529411764705,0,0.0,0,0.0,0,0.0,1,0.058823529411764705
Molon labe!!!,eege7y2,jncc,liberalgunowners,t3_ahn65z,t1_eege0x4,1547920100,2,0.0,0.0,1.0,0.0,2,0,0.0,0,0.0,0,0.0,0,0.0,0,0.0,0,0.0,0,0.0,0,0.0,0,0.0,0,0.0
You can be a good writer or arguer and be absolutely retarded,efblfko,quentin-st-royale,liberalgunowners,t3_al044n,t1_ef9hcf6,1548815600,4,0.157,0.357,0.487,-0.5709,12,0,0.0,1,0.08333333333333333,0,0.0,0,0.0,1,0.08333333333333333,0,0.0,2,0.16666666666666666,0,0.0,1,0.08333333333333333,1,0.08333333333333333
If state showed any competence they would sue on behalf of the residents.,edc5k6m,yukondelight,progun,t3_acy8d3,t3_acy8d3,1546730500,15,0.0,0.0,1.0,0.0,13,1,0.07692307692307693,0,0.0,0,0.0,0,0.0,0,0.0,1,0.07692307692307693,1,0.07692307692307693,1,0.07692307692307693,0,0.0,1,0.07692307692307693
I loved my LCR. It made me feel like a police chief from the future.,eej63ot,Slurms_McKraken,liberalgunowners,t3_ahtdur,t1_eeifgvq,1547993100,41,0.33,0.0,0.67,0.7506,15,0,0.0,0,0.0,0,0.0,1,0.06666666666666667,0,0.0,0,0.0,1,0.06666666666666667,0,0.0,0,0.0,1,0.06666666666666667
I love my state sometimes,edinscv,thesmokey2,gunpolitics,t3_adjolg,t3_adjolg,1546903200,12,0.512,0.0,0.488,0.6369,5,0,0.0,0,0.0,0,0.0,0,0.0,1,0.2,0,0.0,1,0.2,0,0.0,0,0.0,0,0.0
"You know I never thought I'd celebrate someone's death, but once she goes I'm going to have to try very hard to not enjoy it...",eef5xa3,TheMysticChaos,progun,t3_ahjb8m,t1_eef2n0p,1547881100,2,0.0,0.321,0.679,-0.8373,25,1,0.04,3,0.12,1,0.04,1,0.04,1,0.04,1,0.04,1,0.04,1,0.04,1,0.04,1,0.04
I want my fucking cake back.,edpt7ey,MushroomTaco,gunpolitics,t3_aefwkl,t1_edpqtnm,1547134700,6,0.206,0.0,0.794,0.0772,6,0,0.0,0,0.0,0,0.0,0,0.0,0,0.0,0,0.0,0,0.0,0,0.0,0,0.0,0,0.0
Alot of friends and family make that or less. It's pretty crazy.,edn2wmd,HolidayRooster,liberalgunowners,t3_ae79yg,t1_edmvlmw,1547049000,23,0.351,0.125,0.525,0.5974,12,1,0.08333333333333333,1,0.08333333333333333,0,0.0,1,0.08333333333333333,1,0.08333333333333333,1,0.08333333333333333,1,0.08333333333333333,1,0.08333333333333333,0,0.0,1,0.08333333333333333
Gangs shooting each other on the streets is not the same as a crazy person going into a school and kill a bunch of innocent kids with an assault rifle.,edn8lkq,Aszebenyi,progun,t3_ae6v8z,t1_edmvd8j,1547053200,5,0.061,0.277,0.662,-0.8591,30,4,0.13333333333333333,0,0.0,0,0.0,5,0.16666666666666666,0,0.0,5,0.16666666666666666,1,0.03333333333333333,2,0.06666666666666667,0,0.0,2,0.06666666666666667
This should be the norm instead of the exception. Sadly the leaders in law enforcement are almost always more into politics than principles.,ef2g3c3,ninebike,gunpolitics,t3_ak5aj4,t3_ak5aj4,1548559000,37,0.0,0.113,0.887,-0.4215,23,1,0.043478260869565216,0,0.0,0,0.0,0,0.0,0,0.0,2,0.08695652173913043,0,0.0,1,0.043478260869565216,0,0.0,1,0.043478260869565216
Just for recreational use? Glad you are having a change of mind though,edlsc37,jph45,gunpolitics,t3_adp604,t3_adp604,1546999900,23,0.2,0.0,0.8,0.4588,13,0,0.0,2,0.15384615384615385,0,0.0,1,0.07692307692307693,2,0.15384615384615385,0,0.0,2,0.15384615384615385,0,0.0,0,0.0,0,0.0
"> They are all one entity with the same goals. Agreed, sadly.",ee1uo2u,FlorianPicasso,gunpolitics,t3_afnzjd,t1_ee0kx93,1547479400,81,0.141,0.188,0.671,-0.1779,11,0,0.0,0,0.0,0,0.0,0,0.0,0,0.0,1,0.09090909090909091,1,0.09090909090909091,1,0.09090909090909091,0,0.0,1,0.09090909090909091
I can't really provide anything to you that you haven't already deliberately misread yourself. I can't force you to be honest.,eff5prh,GriffonsChainsaw,progun,t3_al3nlv,t1_eff4rya,1548914600,30,0.212,0.0,0.788,0.6266,21,2,0.09523809523809523,0,0.0,1,0.047619047619047616,2,0.09523809523809523,1,0.047619047619047616,1,0.047619047619047616,2,0.09523809523809523,1,0.047619047619047616,0,0.0,2,0.09523809523809523
I didn't know they made phone calls ...,ed7mhbj,LiterallyTedCruz,liberalgunowners,t3_accdbt,t3_accdbt,1546587900,60,0.0,0.0,1.0,0.0,7,0,0.0,1,0.14285714285714285,0,0.0,0,0.0,0,0.0,1,0.14285714285714285,0,0.0,0,0.0,0,0.0,1,0.14285714285714285
And you've never driven over the speed limit?,edrxe6l,tantalum73,gunpolitics,t3_aen61u,t1_edrwcsc,1547180900,19,0.0,0.0,1.0,0.0,8,0,0.0,0,0.0,0,0.0,0,0.0,0,0.0,0,0.0,0,0.0,0,0.0,0,0.0,0,0.0
"Oh my, liberals have been busy haven’t they?",eepfp6t,ccd111975,gunpolitics,t3_aip849,t3_aip849,1548179700,67,0.0,0.0,1.0,0.0,8,0,0.0,0,0.0,0,0.0,0,0.0,0,0.0,0,0.0,0,0.0,0,0.0,0,0.0,0,0.0
I get so much [NAME] ads and BS conspiracy video recommendation just because I watch some gun videos... I honestly hate our gun culture in this country..,efa12uq,Monkeyfeng,liberalgunowners,t3_al044n,t3_al044n,1548783500,37,0.081,0.322,0.596,-0.836,27,3,0.1111111111111111,1,0.037037037037037035,1,0.037037037037037035,5,0.18518518518518517,0,0.0,3,0.1111111111111111,1,0.037037037037037035,1,0.037037037037037035,0,0.0,0,0.0
Stay strong friend.,ed4glqk,pooshimooshi,liberalgunowners,t3_abyh8v,t1_ed46cmt,1546483500,37,0.867,0.0,0.133,0.7579,3,0,0.0,0,0.0,0,0.0,0,0.0,1,0.3333333333333333,0,0.0,1,0.3333333333333333,0,0.0,0,0.0,1,0.3333333333333333
Exactly why my money goes to more guns and ammo.,ee7zbxj,plexxonic,progun,t3_agkox5,t1_ee79oxl,1547671900,61,0.0,0.0,1.0,0.0,10,1,0.1,1,0.1,0,0.0,0,0.0,1,0.1,0,0.0,1,0.1,0,0.0,1,0.1,1,0.1
Very interesting study.,ed1ekg5,cr4ckb0n3,progun,t3_abmfl4,t3_abmfl4,1546379800,50,0.599,0.0,0.401,0.4576,3,0,0.0,0,0.0,0,0.0,0,0.0,0,0.0,0,0.0,2,0.6666666666666666,0,0.0,0,0.0,0,0.0
"Let the bourgeoisie draw first blood. Let there be no confusion about who shot first, and there will be no question about who shoots last.",ee5siyw,lf11,progun,t3_agcr9p,t1_ee5j0iv,1547598600,14,0.07,0.081,0.849,-0.0803,25,2,0.08,0,0.0,0,0.0,2,0.08,0,0.0,2,0.08,1,0.04,1,0.04,1,0.04,0,0.0
Conservatives love to agree with cryptofacists and pretend all accusations are a smear campaign.,eer0vbd,r3df0x_556,liberalgunowners,t3_aiv9e0,t1_eeqw0hy,1548223400,49,0.306,0.283,0.411,0.3612,14,0,0.0,0,0.0,0,0.0,0,0.0,1,0.07142857142857142,1,0.07142857142857142,2,0.14285714285714285,0,0.0,0,0.0,0,0.0
Sorry thought you were the other guy that said it was a privilege.,edr26ht,firefalcon07,gunpolitics,t3_ae8wy3,t1_edqrz5f,1547158800,61,0.169,0.088,0.743,0.296,13,0,0.0,1,0.07692307692307693,0,0.0,0,0.0,0,0.0,0,0.0,0,0.0,0,0.0,0,0.0,0,0.0
They aren't wrong here in illinois. :(,eez2nag,sorebutton,liberalgunowners,t3_ajjtzr,t1_eexff3n,1548460800,72,0.244,0.277,0.478,-0.089,6,0,0.0,0,0.0,0,0.0,0,0.0,0,0.0,1,0.16666666666666666,0,0.0,0,0.0,0,0.0,0,0.0
I really need to stop taking my guns fishing with me. I keep losing them!!! :(,eduhv7n,Tattootempest,gunpolitics,t3_aeyrw2,t1_edu6axg,1547246700,57,0.0,0.405,0.595,-0.8334,15,1,0.06666666666666667,0,0.0,0,0.0,0,0.0,0,0.0,1,0.06666666666666667,0,0.0,1,0.06666666666666667,0,0.0,0,0.0
IL is working double OT now to catch up to all that retardedness. They want ammo serialized ffs.,efgu75e,ChickenBaconPoutine,progun,t3_alq6is,t1_efgepm3,1548965200,46,0.062,0.18,0.758,-0.5423,18,0,0.0,0,0.0,0,0.0,0,0.0,0,0.0,0,0.0,1,0.05555555555555555,0,0.0,1,0.05555555555555555,0,0.0
>[NAME] pulls publicity drama stunt with mild success. FTFY,efdgoxq,[deleted],liberalgunowners,t3_ale0zx,t3_ale0zx,1548869400,36,0.316,0.0,0.684,0.5719,9,0,0.0,1,0.1111111111111111,0,0.0,0,0.0,1,0.1111111111111111,0,0.0,1,0.1111111111111111,0,0.0,0,0.0,0,0.0
Hell yeah. I'm really just thinking about the irony and double standard of the Left. It's amazing that these people are that cognitive dissonant.,ednl3qf,deltaWhiskey91L,gunpolitics,t3_ae639t,t1_ednkuyn,1547061400,2,0.189,0.182,0.629,0.0516,24,1,0.041666666666666664,0,0.0,1,0.041666666666666664,1,0.041666666666666664,0,0.0,1,0.041666666666666664,1,0.041666666666666664,1,0.041666666666666664,0,0.0,0,0.0
Bloody Peasant!,ee2akjk,shrimpgonnakillme,liberalgunowners,t3_afs8lo,t1_ee2927e,1547491300,4,0.0,0.761,0.239,-0.4926,2,1,0.5,0,0.0,1,0.5,1,0.5,0,0.0,1,0.5,0,0.0,1,0.5,0,0.0,0,0.0
Typical spewing of logical fallacies by a dotard. Go back to bestgunnit and play with the other special needs children.,edj0mad,7even2wenty,liberalgunowners,t3_ad7922,t1_ediji2f,1546911900,33,0.221,0.0,0.779,0.6249,20,0,0.0,0,0.0,0,0.0,0,0.0,1,0.05,0,0.0,2,0.1,0,0.0,0,0.0,0,0.0
"My girlfriend's creepy uncle gets extremely triggered when I point this out, or that a lot of conservatives are gigantic fudds.",eevackj,r3df0x_556,liberalgunowners,t3_aj3l47,t1_eetuy20,1548360100,3,0.0,0.0,1.0,0.0,21,0,0.0,0,0.0,0,0.0,0,0.0,0,0.0,0,0.0,1,0.047619047619047616,0,0.0,0,0.0,0,0.0
Is that good or bad?,eemvt63,memeymemer49,progun,t3_ai897x,t1_eemrnqd,1548097400,4,0.309,0.372,0.319,-0.1531,5,1,0.2,1,0.2,1,0.2,1,0.2,1,0.2,1,0.2,1,0.2,1,0.2,1,0.2,1,0.2
This should really be a libertarian/socialists for gun rights meme. I genuinely think there is a lot they have in common.,eduq0lq,Epicsnailman,liberalgunowners,t3_aeyl6b,t1_edui8hr,1547252200,27,0.0,0.107,0.893,-0.34,21,1,0.047619047619047616,0,0.0,0,0.0,1,0.047619047619047616,0,0.0,1,0.047619047619047616,0,0.0,0,0.0,0,0.0,0,0.0
And yet you had to walk back your support of this bill when you found out it would catch up your shotgun,eeml8ay,Grumpy-Avocado,liberalgunowners,t3_afehgh,t1_eemjwtl,1548090200,4,0.114,0.0,0.886,0.4019,22,0,0.0,0,0.0,0,0.0,0,0.0,1,0.045454545454545456,0,0.0,1,0.045454545454545456,0,0.0,1,0.045454545454545456,1,0.045454545454545456
We aren't a bunch of Republican puppets like you believe.,ee4pi6j,hydra877,liberalgunowners,t3_afehgh,t1_edzii04,1547571300,60,0.217,0.0,0.783,0.3612,10,0,0.0,0,0.0,0,0.0,0,0.0,0,0.0,0,0.0,0,0.0,0,0.0,0,0.0,0,0.0
Wow! Never thought of it this way but that's a REALLY good point.,edqvx7s,SlickMrNic,progun,t3_aejw49,t1_edqcl82,1547155300,3,0.424,0.0,0.576,0.8435,13,0,0.0,2,0.15384615384615385,0,0.0,0,0.0,1,0.07692307692307693,0,0.0,1,0.07692307692307693,0,0.0,1,0.07692307692307693,1,0.07692307692307693
From a quick glance this account would seem to be glowing,edwfngr,baconatorX,gunpolitics,t3_af0fne,t1_edv72oj,1547310500,40,0.0,0.0,1.0,0.0,11,0,0.0,0,0.0,0,0.0,0,0.0,0,0.0,0,0.0,1,0.09090909090909091,0,0.0,0,0.0,1,0.09090909090909091
just read it... how do these people get away with such garbage decisions.,ees834v,Peebahr,gunpolitics,t3_aiwqvb,t1_eere11u,1548268400,12,0.0,0.0,1.0,0.0,13,0,0.0,0,0.0,1,0.07692307692307693,0,0.0,0,0.0,1,0.07692307692307693,0,0.0,0,0.0,0,0.0,0,0.0
Iirc congressional opposition was the main obstacle for closing gitmo. I could be misremembering but that's what I remember,ef4o768,big_red__man,progun,t3_akd8vy,t1_ef4hp5x,1548629400,32,0.0,0.089,0.911,-0.1901,19,2,0.10526315789473684,0,0.0,0,0.0,1,0.05263157894736842,0,0.0,2,0.10526315789473684,1,0.05263157894736842,1,0.05263157894736842,0,0.0,0,0.0
"well put yourself in his shoes though, it could make for a possible hostile working environment as well as be detrimental to his livelihood.",eebr7dt,SceretAznMan,liberalgunowners,t3_ah0kb9,t1_eeavh28,1547781900,37,0.21,0.091,0.699,0.34,24,1,0.041666666666666664,0,0.0,1,0.041666666666666664,1,0.041666666666666664,0,0.0,2,0.08333333333333333,1,0.041666666666666664,0,0.0,0,0.0,0,0.0
"Good. It's weird that Polish gun culture is nearly non-existent, given their history as a country. Hopefully this is a step toward fixing that.",efgcbgt,DingleArmand,progun,t3_alqvg7,t3_alqvg7,1548953500,40,0.189,0.138,0.673,0.3612,24,1,0.041666666666666664,1,0.041666666666666664,1,0.041666666666666664,1,0.041666666666666664,1,0.041666666666666664,2,0.08333333333333333,3,0.125,0,0.0,1,0.041666666666666664,1,0.041666666666666664
The President who signed it? FDR.,efdmjt5,ChopperIndacar,gunpolitics,t3_aldig4,t1_efdln75,1548873100,9,0.0,0.0,1.0,0.0,6,0,0.0,0,0.0,0,0.0,0,0.0,0,0.0,0,0.0,1,0.16666666666666666,0,0.0,0,0.0,1,0.16666666666666666
"Any time the results are known before the hypothesis is generated, you should be very skeptical of the methods.",eez78kp,sosota,progun,t3_ajrzis,t1_eeygzm1,1548464400,31,0.0,0.126,0.874,-0.3804,19,0,0.0,2,0.10526315789473684,0,0.0,0,0.0,0,0.0,1,0.05263157894736842,0,0.0,0,0.0,1,0.05263157894736842,0,0.0
Scary times we live in.,efd7a27,[deleted],progun,t3_aldet0,t3_aldet0,1548863600,4,0.0,0.444,0.556,-0.4939,5,0,0.0,0,0.0,0,0.0,0,0.0,0,0.0,0,0.0,0,0.0,0,0.0,0,0.0,0,0.0
"All of your examples are legal entities established as groups. The [RELIGION] Church and LULAC are a different concept then ""the [NAME]"". ",ednecf8,JMV290,progun,t3_ae3s9v,t1_ednbqoh,1547056900,61,0.067,0.0,0.933,0.128,22,0,0.0,1,0.045454545454545456,0,0.0,0,0.0,2,0.09090909090909091,0,0.0,3,0.13636363636363635,0,0.0,0,0.0,3,0.13636363636363635
Sorry that's a mistype. I mean equally irresponsible,efaz52t,deltaWhiskey91L,gunpolitics,t3_al31hl,t1_efay5tc,1548802200,81,0.0,0.412,0.588,-0.4939,8,0,0.0,0,0.0,0,0.0,0,0.0,0,0.0,1,0.125,1,0.125,0,0.0,0,0.0,0,0.0
"Forget the prison, use his own guns on him. ",ed83za6,FunInfection,progun,t3_acg6yw,t1_ed7qw9d,1546611500,62,0.0,0.426,0.574,-0.6369,9,1,0.1111111111111111,0,0.0,0,0.0,1,0.1111111111111111,0,0.0,2,0.2222222222222222,0,0.0,1,0.1111111111111111,0,0.0,0,0.0
Can we just go down there and propose a bill? Die the constitution not allow that? An if were not allowed doesnt that count as non representation?,eew3ug3,themoshref,gunpolitics,t3_ajiwey,t3_ajiwey,1548379600,42,0.0,0.196,0.804,-0.7274,27,0,0.0,0,0.0,0,0.0,1,0.037037037037037035,0,0.0,1,0.037037037037037035,1,0.037037037037037035,1,0.037037037037037035,0,0.0,1,0.037037037037037035
And will gore you bad if you don't drop them first.,efe2yuu,RWSchosen1,liberalgunowners,t3_alfzia,t1_efdt5t9,1548883300,19,0.127,0.245,0.629,-0.3991,11,2,0.18181818181818182,0,0.0,2,0.18181818181818182,2,0.18181818181818182,0,0.0,2,0.18181818181818182,0,0.0,2,0.18181818181818182,0,0.0,0,0.0
[NAME] didn’t actively take any guns or accessories from me. [NAME] is... stop repeating circa 2012 Fox News propaganda to protect an active traitor.,edwdchj,Admiral_MikatoSoul,progun,t3_af0tv8,t1_edv2xc7,1547308800,70,0.247,0.136,0.617,0.5267,24,1,0.041666666666666664,0,0.0,1,0.041666666666666664,1,0.041666666666666664,0,0.0,2,0.08333333333333333,1,0.041666666666666664,1,0.041666666666666664,0,0.0,0,0.0
"It also looks like it left an indented welt. He took it well, but I think he was in pain.",ee8ty98,Broken-Butterfly,liberalgunowners,t3_agfnpm,t1_ee6727f,1547692400,52,0.133,0.18,0.687,-0.4854,20,0,0.0,0,0.0,0,0.0,1,0.05,0,0.0,1,0.05,0,0.0,1,0.05,0,0.0,0,0.0
You dropped this.,edlmf22,SMc-Twelve,progun,t3_adwwvj,t1_edktrqi,1546995100,37,0.0,0.0,1.0,0.0,3,0,0.0,0,0.0,0,0.0,0,0.0,0,0.0,0,0.0,0,0.0,0,0.0,0,0.0,0,0.0
Yeah it's a weird thing people do,edncb7t,i_am_not_mike_fiore,progun,t3_ae6v8z,t1_edn7jtl,1547055600,3,0.247,0.191,0.562,0.128,7,0,0.0,0,0.0,1,0.14285714285714285,0,0.0,0,0.0,1,0.14285714285714285,0,0.0,0,0.0,0,0.0,0,0.0
Me either. But I sometimes fantasize about it.,ednn21r,uPeopleFuckingSuck,liberalgunowners,t3_ae9x2m,t1_ednmhrc,1547062800,24,0.0,0.0,1.0,0.0,8,0,0.0,0,0.0,0,0.0,0,0.0,0,0.0,0,0.0,0,0.0,0,0.0,0,0.0,0,0.0
What an immature response. With a little passive agressive racism to boot. Classy.,eelpoik,isdisauniqueusername,liberalgunowners,t3_af29k8,t1_edx9gir,1548053900,70,0.242,0.21,0.548,-0.1102,13,0,0.0,1,0.07692307692307693,0,0.0,0,0.0,0,0.0,2,0.15384615384615385,0,0.0,0,0.0,0,0.0,0,0.0
"""Police are on their way, ma'am, just stay calm.""",ees7fby,alejo699,liberalgunowners,t3_aiyx7h,t1_ees7a0w,1548268000,78,0.223,0.0,0.777,0.3182,9,0,0.0,0,0.0,0,0.0,1,0.1111111111111111,0,0.0,0,0.0,2,0.2222222222222222,0,0.0,0,0.0,1,0.1111111111111111
"Hurr durr, put well regulated back in the constitution. Ok [NAME] the fucking [NAME].",eey8p8y,Unheard,progun,t3_ajomxv,t3_ajomxv,1548441900,19,0.264,0.0,0.736,0.5106,14,0,0.0,0,0.0,0,0.0,0,0.0,0,0.0,0,0.0,0,0.0,0,0.0,0,0.0,0,0.0
Shhhhh you are devastating their argument. You might trigger them. It’s the only trigger they love.,ee4w11y,slopezski,progun,t3_ag8msl,t3_ag8msl,1547575700,55,0.175,0.283,0.542,-0.3818,16,2,0.125,0,0.0,1,0.0625,1,0.0625,1,0.0625,2,0.125,1,0.0625,1,0.0625,0,0.0,1,0.0625
"[NAME] damn it, dude. Are you trying to ensure every gun owner in PA votes red? Because that's how you do that. ",edn2x02,ADirtyThrowaway1,liberalgunowners,t3_ae7ixn,t3_ae7ixn,1547049000,51,0.097,0.191,0.712,-0.3612,22,2,0.09090909090909091,0,0.0,1,0.045454545454545456,1,0.045454545454545456,0,0.0,2,0.09090909090909091,0,0.0,0,0.0,0,0.0,0,0.0
Gun ownership isn’t a hobby or recreational. It’s a right you’re born with independently of where you’re born.,eed0hd3,EarlyForest,gunpolitics,t3_ah1pv6,t1_eect4sw,1547825700,81,0.0,0.124,0.876,-0.34,18,1,0.05555555555555555,1,0.05555555555555555,0,0.0,1,0.05555555555555555,2,0.1111111111111111,1,0.05555555555555555,3,0.16666666666666666,0,0.0,0,0.0,0,0.0
Dude seriously they got some really weird and specifically targeted propaganda on their TV shows,edkw2mx,alejandrocab98,liberalgunowners,t3_adwj6s,t1_edku763,1546975500,36,0.0,0.322,0.678,-0.5709,15,0,0.0,0,0.0,1,0.06666666666666667,0,0.0,0,0.0,2,0.13333333333333333,0,0.0,0,0.0,0,0.0,0,0.0
I don’t like [NAME] As I love the 2nd amendment Can we stop him ?,eeagcko,TrumptraintoDC,gunpolitics,t3_agyjom,t3_agyjom,1547749400,67,0.321,0.105,0.574,0.6705,14,0,0.0,0,0.0,0,0.0,0,0.0,1,0.07142857142857142,0,0.0,1,0.07142857142857142,0,0.0,0,0.0,0,0.0
Haaaaay it’s the NAGR Guy!!!!!,edbzi0e,CuckRhoades,gunpolitics,t3_acwan4,t1_edbwwez,1546726400,78,0.0,0.0,1.0,0.0,5,0,0.0,0,0.0,0,0.0,0,0.0,0,0.0,0,0.0,0,0.0,0,0.0,0,0.0,0,0.0
"Ladies and gents, I present to you, your typical anti-gunner.",eei8rpb,HariMichaelson,progun,t3_aha68d,t1_eeep8lv,1547962500,20,0.0,0.0,1.0,0.0,10,0,0.0,1,0.1,0,0.0,0,0.0,1,0.1,0,0.0,1,0.1,0,0.0,1,0.1,1,0.1
Until you provide a valid source nobody cares what your theory is. So it's downvoted.,ednd3u8,0per8nalHaz3rd,progun,t3_ae6v8z,t1_edmw2zu,1547056100,3,0.176,0.0,0.824,0.4588,15,0,0.0,1,0.06666666666666667,0,0.0,0,0.0,0,0.0,0,0.0,1,0.06666666666666667,0,0.0,0,0.0,2,0.13333333333333333
"They never seem to think this when the police arrive, with their guns, to end a terrible situation. ",edwyapx,kriegson,progun,t3_af80lf,t1_edwclc4,1547321500,23,0.0,0.154,0.846,-0.4767,18,1,0.05555555555555555,1,0.05555555555555555,1,0.05555555555555555,2,0.1111111111111111,0,0.0,1,0.05555555555555555,1,0.05555555555555555,1,0.05555555555555555,0,0.0,1,0.05555555555555555
It’s pretty cringe,edcltt8,ridethespiral987,liberalgunowners,t3_acwn5z,t3_acwn5z,1546741800,18,0.615,0.0,0.385,0.4939,3,0,0.0,1,0.3333333333333333,1,0.3333333333333333,1,0.3333333333333333,1,0.3333333333333333,1,0.3333333333333333,1,0.3333333333333333,1,0.3333333333333333,0,0.0,1,0.3333333333333333
"Yeah, it basically gives us carte blanche to challenge every single gun law, lol. [NAME].",eepilex,Freeman001,progun,t3_aindep,t1_eep4vo1,1548181800,55,0.32,0.122,0.558,0.4404,15,2,0.13333333333333333,0,0.0,0,0.0,2,0.13333333333333333,0,0.0,2,0.13333333333333333,0,0.0,0,0.0,0,0.0,1,0.06666666666666667
"I was well expecting the glee with which much of the userbase here would celebrate roadblocks being put up in front of ""the other"".",efbphju,GriffonsChainsaw,progun,t3_al3nlv,t1_efbp66q,1548818300,52,0.323,0.0,0.677,0.875,24,0,0.0,1,0.041666666666666664,0,0.0,0,0.0,1,0.041666666666666664,0,0.0,1,0.041666666666666664,0,0.0,0,0.0,0,0.0
"You know more liberals want more gun control than regular [NAME] do, right? ",eeqcwbt,kylec00per,liberalgunowners,t3_aios4s,t1_eeqbboa,1548203100,18,0.103,0.176,0.72,-0.2766,13,1,0.07692307692307693,0,0.0,0,0.0,1,0.07692307692307693,0,0.0,1,0.07692307692307693,0,0.0,0,0.0,0,0.0,0,0.0
"lol, it is. At least the leftist communities flat out tell you that you'll be banned for it.",ef5sgbb,blizzardveers,liberalgunowners,t3_akjij4,t1_ef5n59a,1548663600,57,0.128,0.138,0.734,-0.0516,18,0,0.0,0,0.0,0,0.0,0,0.0,0,0.0,0,0.0,0,0.0,0,0.0,0,0.0,0,0.0
People more interested in kids and safety than making their books look good.,ee50emz,DBDude,liberalgunowners,t3_ag2jdm,t1_ee4yyha,1547578500,39,0.465,0.0,0.535,0.8268,13,0,0.0,1,0.07692307692307693,1,0.07692307692307693,0,0.0,1,0.07692307692307693,0,0.0,2,0.15384615384615385,1,0.07692307692307693,1,0.07692307692307693,1,0.07692307692307693
Don't get insulted by it,edg03ai,jwaterworth,liberalgunowners,t3_ad5toc,t1_edfsz78,1546832100,37,0.403,0.0,0.597,0.4023,5,0,0.0,0,0.0,0,0.0,0,0.0,0,0.0,0,0.0,0,0.0,0,0.0,0,0.0,0,0.0
"I don't wish abortions on any woman. It's a terrible thing to endure. Necessary, sure, but it's still grim.",edbpdy5,LeoTheRadiant,liberalgunowners,t3_acwn5z,t1_edbl3u8,1546719700,2,0.065,0.344,0.591,-0.7952,19,2,0.10526315789473684,1,0.05263157894736842,2,0.10526315789473684,2,0.10526315789473684,0,0.0,2,0.10526315789473684,1,0.05263157894736842,2,0.10526315789473684,0,0.0,0,0.0
Assault weapon are 26 ton weapons used by the nazis and Soviets during ww2 I think you're mistaking it for semi auto rifle,edkobdy,Pm_me_woman_nudes,gunpolitics,t3_acc5ai,t1_edkavl0,1546970000,62,0.0,0.367,0.633,-0.875,23,2,0.08695652173913043,0,0.0,0,0.0,2,0.08695652173913043,0,0.0,2,0.08695652173913043,0,0.0,0,0.0,0,0.0,0,0.0
Be sure to do the promo and get your free scope mount and magazines.,edybwwj,ithrax,gunpolitics,t3_aff9fz,t1_edyaas2,1547355800,77,0.318,0.0,0.682,0.6808,14,0,0.0,0,0.0,0,0.0,0,0.0,0,0.0,0,0.0,0,0.0,0,0.0,0,0.0,0,0.0
What? I am aware it isn't permanent. The other legals aren't permanent either.,eeolirr,MrTophat4,progun,t3_ahr2wz,t1_eeolhdn,1548153700,14,0.0,0.0,1.0,0.0,13,0,0.0,0,0.0,0,0.0,0,0.0,0,0.0,0,0.0,0,0.0,0,0.0,0,0.0,0,0.0
It violates my right to enjoy my tinnitus. eeeeeeeeeeeeeeeeeeeeeeeeeeeeeeeeeeeeeeeeeeeeeeeeeeeeeeeeeeeeeeeeeeeeeeeeeeeeeeeeeeeeeeeeeeeeeeeeeeeeeeeeeeeeeeeeeeeeeeeeeeeeeeeeeeeeeeeeeeeeeeeeeeeeeeeeeeeeeeeeeeeeeeeeeeeeeeeeeeeeeeeeeeeee,eew60mt,thefilthyhermit,progun,t3_ajiw0x,t1_eew0e2l,1548381400,52,0.237,0.244,0.519,-0.0258,9,0,0.0,1,0.1111111111111111,0,0.0,0,0.0,1,0.1111111111111111,0,0.0,1,0.1111111111111111,0,0.0,0,0.0,1,0.1111111111111111
we need more [NAME] like [NAME] and [NAME]. So far those are the only 2 who I have seen stick to their principles.,ed8vbo4,wolfeman2120,gunpolitics,t3_acjj9k,t1_ed8kwdx,1546629600,15,0.112,0.0,0.888,0.4173,23,0,0.0,0,0.0,0,0.0,0,0.0,0,0.0,0,0.0,0,0.0,0,0.0,0,0.0,0,0.0
I really try to not use that terminology as it is inconsistent and was made up by people who know little to nothing about firearms.,eesqy74,wes101abn,liberalgunowners,t3_aj16iy,t3_aj16iy,1548281100,6,0.0,0.0,1.0,0.0,25,1,0.04,0,0.0,0,0.0,1,0.04,0,0.0,1,0.04,0,0.0,0,0.0,0,0.0,0,0.0
Says one of the two people who keeps on responding to each comment with a very poorly argued position lacking both in research and in common sense.,eeky5o9,isdisauniqueusername,liberalgunowners,t3_afehgh,t1_eeiznb4,1548030000,62,0.0,0.097,0.903,-0.4173,27,0,0.0,0,0.0,0,0.0,0,0.0,0,0.0,2,0.07407407407407407,1,0.037037037037037035,0,0.0,0,0.0,0,0.0
"I’ve never heard of their football team, must be fake news /s",edrqlnd,Pandasonic9,liberalgunowners,t3_aelocm,t1_edrc7u0,1547175600,18,0.0,0.22,0.78,-0.4767,12,0,0.0,1,0.08333333333333333,0,0.0,0,0.0,1,0.08333333333333333,1,0.08333333333333333,1,0.08333333333333333,0,0.0,0,0.0,1,0.08333333333333333
Using an argument based on intolerance is frankly a bad strategic idea and borders on offensive. It won't persuade anybody and it sounds ridiculous.,edtrnl4,GrumpyBearBank,liberalgunowners,t3_aeppp0,t3_aeppp0,1547231100,3,0.0,0.365,0.635,-0.8885,24,5,0.20833333333333334,1,0.041666666666666664,4,0.16666666666666666,2,0.08333333333333333,0,0.0,5,0.20833333333333334,1,0.041666666666666664,1,0.041666666666666664,0,0.0,1,0.041666666666666664
It's racist.,edoxx5x,d48reu,liberalgunowners,t3_aecsno,t1_edoxuky,1547099000,36,0.0,0.8,0.2,-0.6124,2,0,0.0,0,0.0,0,0.0,0,0.0,0,0.0,0,0.0,0,0.0,0,0.0,0,0.0,0,0.0
"When you gatekeep a community, you ultimately hurt it.",ef19t5w,MonkeyTesticleJuice,liberalgunowners,t3_ak0h1n,t3_ak0h1n,1548529900,4,0.0,0.298,0.702,-0.5267,9,1,0.1111111111111111,1,0.1111111111111111,0,0.0,1,0.1111111111111111,0,0.0,1,0.1111111111111111,2,0.2222222222222222,1,0.1111111111111111,0,0.0,0,0.0
"Seriously, compare the trash NRA puts out to the video that Canadian Coalition for Firearm Rights put out on their FB on Tuesday.",eduuufn,WillitsThrockmorton,liberalgunowners,t3_af1ci3,t1_eduu4wz,1547255600,20,0.0,0.072,0.928,-0.1779,23,0,0.0,0,0.0,1,0.043478260869565216,0,0.0,0,0.0,1,0.043478260869565216,1,0.043478260869565216,1,0.043478260869565216,0,0.0,0,0.0
That’s pretty accurate,edpl1wg,JawTn1067,liberalgunowners,t3_aecsno,t1_edpdreq,1547128000,72,0.615,0.0,0.385,0.4939,3,0,0.0,1,0.3333333333333333,0,0.0,0,0.0,1,0.3333333333333333,0,0.0,2,0.6666666666666666,0,0.0,0,0.0,2,0.6666666666666666
Lovely. You enjoy that train of thought lad.,ed4fwha,ThePeanut_KJD,progun,t3_abuoxa,t1_ed4fv14,1546483000,58,0.538,0.0,0.462,0.7906,8,0,0.0,3,0.375,0,0.0,0,0.0,2,0.25,0,0.0,2,0.25,1,0.125,1,0.125,2,0.25
Did you miss the massive throbbing erection the Dems had over the no fly no buy thing?,edvsn4e,unclefisty,liberalgunowners,t3_aeyprl,t1_edu2dsk,1547287700,6,0.096,0.193,0.711,-0.2292,17,0,0.0,0,0.0,0,0.0,0,0.0,0,0.0,0,0.0,0,0.0,0,0.0,0,0.0,0,0.0
I know. I didn't say I agreed with it did I?,eeaq28i,shifty_pete,progun,t3_agy4dw,t1_eeancho,1547755500,33,0.0,0.154,0.846,-0.2057,11,0,0.0,0,0.0,0,0.0,0,0.0,0,0.0,0,0.0,1,0.09090909090909091,0,0.0,0,0.0,1,0.09090909090909091
>only ones who really suffer are sport and competition shooters. Which is likely the whole point What makes you think that?,eet620p,Friendship_or_else,liberalgunowners,t3_aj3l47,t1_eet5phw,1548292200,24,0.0,0.159,0.841,-0.5849,21,0,0.0,1,0.047619047619047616,0,0.0,0,0.0,0,0.0,2,0.09523809523809523,0,0.0,0,0.0,0,0.0,0,0.0
Such bullshit. Reloading components included? Not that they'd let that stand in subsequent laws if it is.,edtejkr,LIV2500,liberalgunowners,t3_aesqvr,t3_aesqvr,1547223400,35,0.0,0.192,0.808,-0.5859,17,0,0.0,0,0.0,0,0.0,0,0.0,0,0.0,0,0.0,1,0.058823529411764705,0,0.0,0,0.0,0,0.0
Article is good. Not sure how it relates to “carve outs” for law enforcement.,ed1wkw8,squirreltoot,progun,t3_abmfl4,t3_abmfl4,1546394900,66,0.172,0.116,0.712,0.2354,14,0,0.0,1,0.07142857142857142,0,0.0,0,0.0,1,0.07142857142857142,1,0.07142857142857142,1,0.07142857142857142,0,0.0,1,0.07142857142857142,2,0.14285714285714285
Would the OP care to explain what the thought was behind posting this here? A warning for justification for potential upcoming gun-control responses?,eevz8a0,HariMichaelson,progun,t3_ajhe6m,t3_ajhe6m,1548376300,70,0.132,0.089,0.779,0.2869,23,0,0.0,1,0.043478260869565216,0,0.0,1,0.043478260869565216,0,0.0,0,0.0,2,0.08695652173913043,0,0.0,0,0.0,1,0.043478260869565216
"Democrat politician, my bad should have specified. We are mostly all “liberals” here even if we’ve been alienated on this issue.",eez5q9j,Dynamaxion,liberalgunowners,t3_ajqx1v,t1_eez4ymk,1548463100,74,0.0,0.149,0.851,-0.5423,21,1,0.047619047619047616,0,0.0,1,0.047619047619047616,1,0.047619047619047616,0,0.0,2,0.09523809523809523,0,0.0,2,0.09523809523809523,0,0.0,0,0.0
[NAME] has to use a gun to defend himself after multiple robberies and an attempted rape...,eduo7pu,Imnotcreepyatall,progun,t3_af1osn,t3_af1osn,1547251100,40,0.0,0.336,0.664,-0.7964,16,2,0.125,0,0.0,1,0.0625,3,0.1875,0,0.0,2,0.125,1,0.0625,1,0.0625,0,0.0,0,0.0
Oh no! People will be able to protect themselves!,ees9ea7,Preme_Dave,gunpolitics,t3_aj2a74,t1_ees64ja,1548269300,19,0.285,0.0,0.715,0.4912,9,0,0.0,0,0.0,0,0.0,0,0.0,0,0.0,0,0.0,1,0.1111111111111111,0,0.0,0,0.0,0,0.0
Lol the lefties are gonna see their arses over this!,ed6gmus,Jedidja232,progun,t3_ac7ym5,t3_ac7ym5,1546552000,2,0.256,0.0,0.744,0.4753,10,0,0.0,0,0.0,0,0.0,0,0.0,0,0.0,0,0.0,0,0.0,0,0.0,0,0.0,0,0.0
"Think you're forgetting about the shooting of [NAME]. 6 dead, including a federal judge. ",ef96f73,solarsavior,liberalgunowners,t3_aksh4t,t1_ef8jud5,1548763900,4,0.0,0.249,0.751,-0.6486,14,1,0.07142857142857142,0,0.0,0,0.0,1,0.07142857142857142,0,0.0,1,0.07142857142857142,1,0.07142857142857142,0,0.0,0,0.0,0,0.0
this is why I have backups off site that they’ll never find...try as they will they will never disarm me,ed8kzf1,[deleted],gunpolitics,t3_acjj9k,t3_acjj9k,1546623000,23,0.0,0.0,1.0,0.0,20,0,0.0,0,0.0,0,0.0,0,0.0,0,0.0,0,0.0,0,0.0,0,0.0,0,0.0,0,0.0
"The Wall requires taking land at gunpoint, explain how that isn't tyranny",ed0o80s,ArbitraryOrder,progun,t3_abdy53,t1_ed0ny6o,1546360800,61,0.0,0.0,1.0,0.0,12,0,0.0,0,0.0,0,0.0,1,0.08333333333333333,0,0.0,1,0.08333333333333333,2,0.16666666666666666,1,0.08333333333333333,0,0.0,1,0.08333333333333333
Says the guy not replying to any counter points lmao,ed1a52y,capitalsquid,gunpolitics,t3_aaa22k,t1_ecr136j,1546376400,70,0.302,0.0,0.698,0.5994,10,0,0.0,0,0.0,0,0.0,0,0.0,0,0.0,0,0.0,0,0.0,0,0.0,0,0.0,0,0.0
"Counterpoint, ACAB.",ede3sqj,OppositeTurtle,liberalgunowners,t3_ad5toc,t1_ede1wac,1546791300,49,0.0,0.0,1.0,0.0,2,0,0.0,0,0.0,0,0.0,0,0.0,0,0.0,0,0.0,0,0.0,0,0.0,0,0.0,0,0.0
Lol this cant be possible.hey thanks for the link and info! I'll look into it!,ee2sjlv,BeefSmackaho,progun,t3_afz8gc,t1_ee2opfd,1547503600,23,0.18,0.128,0.692,0.2448,15,1,0.06666666666666667,0,0.0,1,0.06666666666666667,1,0.06666666666666667,0,0.0,1,0.06666666666666667,0,0.0,1,0.06666666666666667,0,0.0,0,0.0
[NAME] campaign donation at work apparently. Sure didn't take long.,edng2r1,afultz075,liberalgunowners,t3_ae7ixn,t3_ae7ixn,1547057900,37,0.204,0.0,0.796,0.3182,10,0,0.0,1,0.1,0,0.0,0,0.0,0,0.0,0,0.0,1,0.1,0,0.0,0,0.0,0,0.0
It's cool.,eezocyj,Icamehereforupvotes,progun,t3_ajrzis,t1_eezha36,1548478500,41,0.697,0.0,0.303,0.3182,2,0,0.0,0,0.0,0,0.0,0,0.0,0,0.0,0,0.0,1,0.5,0,0.0,0,0.0,0,0.0
"I don't know, but there's probably a word for it in German.",ee8t50i,darklordqueen,liberalgunowners,t3_agng4e,t1_ee858of,1547691800,55,0.0,0.0,1.0,0.0,12,0,0.0,0,0.0,0,0.0,0,0.0,0,0.0,0,0.0,1,0.08333333333333333,0,0.0,0,0.0,1,0.08333333333333333
Something like that lol,edl268t,Blitz1Fy,progun,t3_adwwvj,t1_edkyux0,1546979800,81,0.726,0.0,0.274,0.6486,4,0,0.0,0,0.0,0,0.0,0,0.0,0,0.0,0,0.0,0,0.0,0,0.0,0,0.0,0,0.0
A couple of times I thought she was going to start laughing.,ee3oreq,jordanlund,liberalgunowners,t3_ag2jdm,t1_ee3nxmi,1547530000,72,0.225,0.0,0.775,0.4939,12,0,0.0,2,0.16666666666666666,0,0.0,0,0.0,1,0.08333333333333333,0,0.0,1,0.08333333333333333,0,0.0,0,0.0,0,0.0
Pro-tip: the Press misleads you about what is wrong in the world.,edzxkks,Sand_Trout,progun,t3_afga6d,t1_edzve75,1547409400,5,0.0,0.22,0.78,-0.4767,12,0,0.0,0,0.0,0,0.0,0,0.0,0,0.0,1,0.08333333333333333,0,0.0,0,0.0,0,0.0,0,0.0
im sure she does and she just doesn't want right wing people/white people to have a gun.,ef9k19y,TheSoyimKnow3312,progun,t3_akwqbn,t3_akwqbn,1548773900,18,0.115,0.182,0.703,-0.0829,17,1,0.058823529411764705,0,0.0,0,0.0,1,0.058823529411764705,0,0.0,1,0.058823529411764705,0,0.0,0,0.0,0,0.0,0,0.0
"Hold off a bit, Dallas is in a big time housing bubble, wait for it to pop, then strike ",eemsuk1,PanzerKommander,gunpolitics,t3_aiaqix,t1_eemcbe8,1548095400,72,0.0,0.077,0.923,-0.128,19,1,0.05263157894736842,2,0.10526315789473684,0,0.0,0,0.0,0,0.0,3,0.15789473684210525,0,0.0,0,0.0,1,0.05263157894736842,0,0.0
I love how you're making an assumption to try and make a point.,edqqgoa,[deleted],liberalgunowners,t3_aeiys0,t1_edqov36,1547152500,61,0.259,0.0,0.741,0.6369,13,0,0.0,0,0.0,0,0.0,0,0.0,1,0.07692307692307693,0,0.0,1,0.07692307692307693,0,0.0,0,0.0,0,0.0
"Context is lost in the article, no way to know how it was asked or how the person was behaving.",ee1mil8,Ferd-Turgeson,liberalgunowners,t3_afu9r1,t1_ee1i661,1547471600,61,0.0,0.2,0.8,-0.5423,20,0,0.0,0,0.0,0,0.0,0,0.0,0,0.0,1,0.05,0,0.0,1,0.05,0,0.0,0,0.0
"That would be really great, but good luck.",ediqg42,4775795f4d616e,progun,t3_ada4ap,t1_edgprqe,1546904800,61,0.686,0.0,0.314,0.8988,8,0,0.0,2,0.25,0,0.0,0,0.0,2,0.25,0,0.0,2,0.25,0,0.0,2,0.25,1,0.125
">muh siege Screw off, if I wanted to listen to some [NAME] ramblings I'd go to my local range.",ed9lg56,[deleted],gunpolitics,t3_acmic4,t1_ed9j9wt,1546649100,3,0.0,0.072,0.928,-0.1027,19,0,0.0,0,0.0,0,0.0,0,0.0,0,0.0,0,0.0,0,0.0,0,0.0,0,0.0,0,0.0
And every [NAME] on Reddit has an anxiety attack...,edvdjum,regularguyguns,progun,t3_af47fa,t3_af47fa,1547271700,26,0.0,0.407,0.593,-0.5859,9,2,0.2222222222222222,1,0.1111111111111111,0,0.0,2,0.2222222222222222,0,0.0,2,0.2222222222222222,0,0.0,1,0.1111111111111111,0,0.0,0,0.0
"Wanting to have immigration controls is in no way, shape, or form racist. ",edzcmbg,smokejaguar,progun,t3_afimpr,t1_edzb851,1547396100,70,0.0,0.36,0.64,-0.7351,13,0,0.0,0,0.0,0,0.0,0,0.0,0,0.0,1,0.07692307692307693,1,0.07692307692307693,1,0.07692307692307693,0,0.0,0,0.0
"Hell yeah my dude. And the best part is, if I had the money, I could get either or both of those right now :)",ee5175o,The_Derpening,gunpolitics,t3_ag7cym,t1_ee466si,1547579000,12,0.269,0.131,0.6,0.5859,24,2,0.08333333333333333,1,0.041666666666666664,1,0.041666666666666664,1,0.041666666666666664,1,0.041666666666666664,1,0.041666666666666664,1,0.041666666666666664,1,0.041666666666666664,1,0.041666666666666664,1,0.041666666666666664
I literally point out the same thing (along with everyone in the YouTube comments) and get downvoted to oblivion. Love it.,ee86mih,Chesstariam,liberalgunowners,t3_agng4e,t1_ee7nbxi,1547676500,70,0.174,0.0,0.826,0.6369,21,1,0.047619047619047616,0,0.0,0,0.0,1,0.047619047619047616,1,0.047619047619047616,1,0.047619047619047616,1,0.047619047619047616,0,0.0,0,0.0,0,0.0
Quick! Get this man some firepower! HE MUST CONFORM TO THE STEREOTYPE.,eczopr8,The_MadChemist,liberalgunowners,t3_abc2f1,t1_ecznh30,1546313700,27,0.0,0.247,0.753,-0.5599,12,0,0.0,0,0.0,0,0.0,0,0.0,0,0.0,1,0.08333333333333333,0,0.0,0,0.0,0,0.0,0,0.0
Sounds like they’re not responsible and shouldn’t have the right to have these.,efgc53r,Hungry-for-Apples789,liberalgunowners,t3_alpzd3,t3_alpzd3,1548953500,27,0.162,0.127,0.711,0.1376,13,0,0.0,0,0.0,0,0.0,0,0.0,0,0.0,0,0.0,1,0.07692307692307693,0,0.0,0,0.0,1,0.07692307692307693
Bitch real man just panicking purchases a m82 barret..Now excuse me while i hide from my wife for the next month.,edpiohy,DoubleConflict,gunpolitics,t3_aefwkl,t1_edoy1o2,1547126100,21,0.049,0.315,0.637,-0.7964,21,1,0.047619047619047616,0,0.0,1,0.047619047619047616,2,0.09523809523809523,0,0.0,2,0.09523809523809523,1,0.047619047619047616,1,0.047619047619047616,0,0.0,1,0.047619047619047616
I caught that little tidbit too. Very unbiased. Very factual.,efhc1so,HowlingMadMurphy,liberalgunowners,t3_alplux,t1_efg1us8,1548977900,34,0.0,0.134,0.866,-0.101,10,0,0.0,0,0.0,0,0.0,0,0.0,0,0.0,0,0.0,1,0.1,0,0.0,0,0.0,0,0.0
"> Honestly, I think ANY (maybe not NY) state beats CA when it comes to gun laws. WA is nipping at your heels.",eeidl0f,HariMichaelson,progun,t3_ahimyh,t1_eeid4l9,1547966800,57,0.114,0.091,0.795,0.1531,22,1,0.045454545454545456,0,0.0,0,0.0,1,0.045454545454545456,0,0.0,1,0.045454545454545456,0,0.0,0,0.0,0,0.0,0,0.0
[NAME] a fucking idiot and needs to be primaried out.,edxe09z,WhiteHelljumper,progun,t3_afbwjh,t3_afbwjh,1547331800,51,0.0,0.285,0.715,-0.5563,10,0,0.0,0,0.0,1,0.1,0,0.0,0,0.0,1,0.1,0,0.0,0,0.0,0,0.0,0,0.0
That's a surprise from this guy.,ed62vv7,doogles,progun,t3_ac7ym5,t3_ac7ym5,1546542600,26,0.296,0.0,0.704,0.2732,6,0,0.0,0,0.0,0,0.0,1,0.16666666666666666,1,0.16666666666666666,0,0.0,1,0.16666666666666666,0,0.0,1,0.16666666666666666,0,0.0
"I don't know, it its fairly anti [NAME] after the bump stock ban. I'm still holding out.",edp1ecu,TimmyTurnersLeftNut,liberalgunowners,t3_aecsno,t1_edp0t9c,1547103500,3,0.0,0.282,0.718,-0.7096,17,0,0.0,0,0.0,0,0.0,0,0.0,0,0.0,1,0.058823529411764705,1,0.058823529411764705,0,0.0,0,0.0,1,0.058823529411764705
Champaign’s a weird town in that aspect..,ee4tv7z,YeezusTaughtMe,liberalgunowners,t3_ag8oam,t1_ee4jmml,1547574300,18,0.0,0.221,0.779,-0.1779,7,0,0.0,0,0.0,1,0.14285714285714285,0,0.0,0,0.0,1,0.14285714285714285,0,0.0,0,0.0,0,0.0,0,0.0
one of them shotting 22lr if I recall? Heck most the worst used a pistol ether exclusively or with a shotty too,eeshqur,meeheecaan,liberalgunowners,t3_aiyx7h,t1_ees9gio,1548275000,2,0.0,0.173,0.827,-0.6573,22,0,0.0,0,0.0,0,0.0,0,0.0,0,0.0,1,0.045454545454545456,0,0.0,0,0.0,0,0.0,0,0.0
I carry on an empty. But I also carry a single action. So don't make my mistakes.,ef8ka3k,Retr0G72,progun,t3_aknut4,t3_aknut4,1548739200,22,0.14,0.073,0.787,0.3105,17,0,0.0,0,0.0,0,0.0,0,0.0,0,0.0,0,0.0,1,0.058823529411764705,0,0.0,0,0.0,0,0.0
I think thats dumb and simplistic. You really can't boil down the sociology of race by comparing it to 2+2=4.,edotu1s,d48reu,liberalgunowners,t3_aecsno,t1_edotl70,1547094900,9,0.0,0.148,0.852,-0.5106,20,0,0.0,0,0.0,1,0.05,0,0.0,0,0.0,2,0.1,0,0.0,0,0.0,0,0.0,0,0.0
Most of them I know quit and went to work elsewhere. 10 years and out here.,edtkyjx,Derpandbackagain,progun,t3_aevpkg,t1_edtjipy,1547227300,52,0.0,0.0,1.0,0.0,16,0,0.0,0,0.0,0,0.0,0,0.0,0,0.0,1,0.0625,0,0.0,0,0.0,0,0.0,0,0.0
That dad must love monster high as well.,eddktov,kelamity,liberalgunowners,t3_acwn5z,t1_edcsqnl,1546774900,62,0.512,0.0,0.488,0.743,8,0,0.0,0,0.0,0,0.0,1,0.125,1,0.125,1,0.125,1,0.125,0,0.0,0,0.0,0,0.0
I thought they were motor vehicle accidents.,ee5jewh,Aeleas,progun,t3_ag8msl,t1_ee5ipsc,1547591700,14,0.0,0.277,0.723,-0.3182,7,0,0.0,1,0.14285714285714285,0,0.0,0,0.0,0,0.0,0,0.0,0,0.0,0,0.0,0,0.0,0,0.0
"Project Exile worked pretty well, and it specifically targets criminals",edr23bq,laxm0nkey,gunpolitics,t3_aelesg,t1_edqs8mf,1547158700,42,0.331,0.231,0.438,0.1531,10,1,0.1,1,0.1,0,0.0,1,0.1,1,0.1,1,0.1,1,0.1,1,0.1,0,0.0,1,0.1
Can you please write up a summary of how the event went? The live stream isn't working because they changed the venue. Thank you!,eevxi8u,UnsurprisingDebris,liberalgunowners,t3_ajd2hq,t3_ajd2hq,1548375000,52,0.188,0.0,0.812,0.6239,24,0,0.0,0,0.0,0,0.0,0,0.0,0,0.0,0,0.0,1,0.041666666666666664,0,0.0,0,0.0,0,0.0
No guns = no gun violence! How come no one has ever thought of this before!,eetogrh,Lawson-RL,progun,t3_aj2rse,t1_eesen99,1548307100,76,0.265,0.197,0.538,0.3641,15,2,0.13333333333333333,1,0.06666666666666667,0,0.0,2,0.13333333333333333,0,0.0,2,0.13333333333333333,0,0.0,1,0.06666666666666667,0,0.0,0,0.0
Oh [NAME]...,ed9l1gm,BataleonRider,liberalgunowners,t3_acgvvl,t1_ed8n8cy,1546648800,70,0.0,0.0,1.0,0.0,2,0,0.0,0,0.0,0,0.0,0,0.0,0,0.0,0,0.0,0,0.0,0,0.0,0,0.0,0,0.0
Because the people pushing the myth are either willfully ignorant or outright malicious.,ef3t0pr,Hodunkinchud,liberalgunowners,t3_akbyfx,t1_ef3sjg4,1548603600,52,0.0,0.149,0.851,-0.2732,13,1,0.07692307692307693,0,0.0,2,0.15384615384615385,1,0.07692307692307693,0,0.0,2,0.15384615384615385,0,0.0,1,0.07692307692307693,0,0.0,0,0.0
I am more of a dumbass for building a $2500 308 AR-10 for my first rifle... regret it but just not willing to sell it till this day,ees2qze,Webassign001,liberalgunowners,t3_aiyx7h,t1_eert6i9,1548265000,21,0.0,0.143,0.857,-0.5158,28,1,0.03571428571428571,0,0.0,0,0.0,1,0.03571428571428571,0,0.0,2,0.07142857142857142,1,0.03571428571428571,1,0.03571428571428571,0,0.0,0,0.0
> saving the children Because this will save a tiny of fraction of what could be saved with a cell phone ban.,edq5xbg,5redrb,liberalgunowners,t3_aeiys0,t1_edpwu7i,1547141900,13,0.21,0.126,0.664,0.34,21,0,0.0,0,0.0,0,0.0,0,0.0,1,0.047619047619047616,1,0.047619047619047616,1,0.047619047619047616,0,0.0,0,0.0,1,0.047619047619047616
It doesn’t look cool,edbhwg7,GreasyPorkGoodness,liberalgunowners,t3_acwn5z,t1_edbhjbc,1546714800,39,0.434,0.0,0.566,0.3182,4,0,0.0,0,0.0,0,0.0,0,0.0,0,0.0,0,0.0,1,0.25,0,0.0,0,0.0,0,0.0
Im a revolver guy so I've always admired the rhino and its low bore axis design. The Rhino and the Kimber k6s are on my list.,eddw6a5,d48reu,liberalgunowners,t3_ad54jg,t3_ad54jg,1546785800,76,0.116,0.134,0.75,0.1189,26,1,0.038461538461538464,0,0.0,0,0.0,1,0.038461538461538464,0,0.0,2,0.07692307692307693,0,0.0,1,0.038461538461538464,0,0.0,0,0.0
You couldn't even figure those out? Wow. Speechless.,edm4mvo,isdisauniqueusername,liberalgunowners,t3_ad5toc,t1_edlslol,1547010400,46,0.352,0.0,0.648,0.5859,8,0,0.0,0,0.0,0,0.0,0,0.0,0,0.0,0,0.0,0,0.0,0,0.0,0,0.0,0,0.0
"If you don't believe the government has the power to restrict things, you're not a liberal, you're an anarchist or a libertarian.",ee9sjw3,isdisauniqueusername,liberalgunowners,t3_afehgh,t1_ee7n5n4,1547733000,61,0.078,0.106,0.816,-0.1779,22,1,0.045454545454545456,0,0.0,0,0.0,2,0.09090909090909091,0,0.0,4,0.18181818181818182,1,0.045454545454545456,1,0.045454545454545456,0,0.0,0,0.0
Omg! An attentive parent actually teaching their children to safely handle guns! The horror!,efgfr0u,min0kawa,gunpolitics,t3_alpjfg,t3_alpjfg,1548955800,55,0.162,0.231,0.607,-0.3348,14,1,0.07142857142857142,0,0.0,1,0.07142857142857142,1,0.07142857142857142,0,0.0,1,0.07142857142857142,1,0.07142857142857142,1,0.07142857142857142,1,0.07142857142857142,1,0.07142857142857142
holy crap that's messed up.,ed98k28,macrolinx,gunpolitics,t3_acjj9k,t1_ed94muz,1546638800,22,0.0,0.625,0.375,-0.6124,5,0,0.0,0,0.0,1,0.2,0,0.0,0,0.0,1,0.2,1,0.2,0,0.0,0,0.0,0,0.0
I should look up how close it is to missouri,eeup450,meeheecaan,liberalgunowners,t3_aj6cvj,t1_eetxulg,1548346600,30,0.0,0.0,1.0,0.0,10,0,0.0,0,0.0,0,0.0,0,0.0,0,0.0,0,0.0,0,0.0,0,0.0,0,0.0,0,0.0
I don’t understand WHY the [NAME] are so stubborn on this issue. They’re just like the [NAME] on abortion. Damn the facts!,eeqyy85,Oppenheimerdinger,liberalgunowners,t3_aivkwi,t3_aivkwi,1548221300,61,0.089,0.232,0.679,-0.6102,22,1,0.045454545454545456,0,0.0,2,0.09090909090909091,1,0.045454545454545456,0,0.0,2,0.09090909090909091,1,0.045454545454545456,1,0.045454545454545456,0,0.0,1,0.045454545454545456
"I would shoot a cop who shot my animal. Save the consequences for later, you just assaulted and possibly mortally wounded my best friend. ACAB",edfulzz,BattShadows,liberalgunowners,t3_ad5toc,t3_ad5toc,1546828000,70,0.291,0.159,0.549,0.7003,25,2,0.08,0,0.0,0,0.0,3,0.12,2,0.08,2,0.08,2,0.08,1,0.04,1,0.04,3,0.12
"But hey, at least it saves us the trouble of contacting them!",eeaqei7,TSammyD,gunpolitics,t3_agyjom,t1_eeajuje,1547755800,36,0.0,0.259,0.741,-0.5916,12,0,0.0,0,0.0,0,0.0,0,0.0,0,0.0,0,0.0,0,0.0,0,0.0,0,0.0,0,0.0
"Damn, even here in CA the gun haters almost invariably exempt law enforcement from their crusade.",eebno91,ToBlayyyve,gunpolitics,t3_ah1pv6,t1_eebfbj4,1547779200,15,0.052,0.387,0.56,-0.8008,16,3,0.1875,0,0.0,1,0.0625,2,0.125,0,0.0,4,0.25,1,0.0625,0,0.0,0,0.0,1,0.0625
It certainly is if the title of the meme is Buh We Dindu Nuffin' wouldn't you agree? That sounds like a racist stereotype to me anyway.,edoxwqd,d48reu,liberalgunowners,t3_aecsno,t1_edoxtmu,1547099000,33,0.143,0.245,0.612,-0.5439,26,0,0.0,0,0.0,0,0.0,0,0.0,0,0.0,1,0.038461538461538464,2,0.07692307692307693,0,0.0,0,0.0,1,0.038461538461538464
BUT GUIS I THOUGHT [NAME] WAS PRO GUN? This should put the final nail in anyone still foolish enough to think that.,edpq31f,unclefisty,liberalgunowners,t3_aeiys0,t3_aeiys0,1547131800,62,0.0,0.255,0.745,-0.7814,22,1,0.045454545454545456,1,0.045454545454545456,0,0.0,1,0.045454545454545456,0,0.0,2,0.09090909090909091,0,0.0,0,0.0,0,0.0,0,0.0
"If many people truly see that as a consequence, I'd suggest SD's public [NAME] needs some work. Sad.",eeb2idn,Hoplophilia,liberalgunowners,t3_ah1rsq,t1_eeatip6,1547763600,4,0.132,0.141,0.727,-0.0516,18,0,0.0,1,0.05555555555555555,0,0.0,0,0.0,0,0.0,0,0.0,1,0.05555555555555555,0,0.0,0,0.0,1,0.05555555555555555
That's a bingo!,ef1tlfr,wewd,gunpolitics,t3_ak5aj4,t1_ef1mlcs,1548543000,67,0.0,0.0,1.0,0.0,3,0,0.0,0,0.0,0,0.0,0,0.0,0,0.0,0,0.0,0,0.0,0,0.0,0,0.0,0,0.0
trUmP iS pRo guN,edz3gvy,Ziggy319,progun,t3_afimpr,t3_afimpr,1547388800,40,0.0,0.444,0.556,-0.34,4,1,0.25,0,0.0,0,0.0,1,0.25,0,0.0,1,0.25,0,0.0,0,0.0,1,0.25,0,0.0
Stuff like this makes me worry a little less about the future generations.,efh1hit,zepled112,progun,t3_alsk1p,t3_alsk1p,1548970000,51,0.152,0.177,0.671,-0.1027,13,0,0.0,1,0.07692307692307693,0,0.0,1,0.07692307692307693,0,0.0,1,0.07692307692307693,0,0.0,1,0.07692307692307693,0,0.0,0,0.0
"True, but [NAME] mocking someone for making a choice that, realistically, isn't a choice at all is still an oblivious thing to do.",edqajpp,Sorveris,liberalgunowners,t3_aeiys0,t1_edqa8jb,1547144200,37,0.072,0.134,0.794,-0.3919,23,1,0.043478260869565216,0,0.0,1,0.043478260869565216,0,0.0,1,0.043478260869565216,1,0.043478260869565216,3,0.13043478260869565,1,0.043478260869565216,0,0.0,1,0.043478260869565216
Please pass this. We will finally get the same thing we have in California before scotus.,edrgqiw,CmdrSelfEvident,progun,t3_aem0gs,t3_aem0gs,1547168100,3,0.133,0.0,0.867,0.3182,16,0,0.0,1,0.0625,1,0.0625,0,0.0,1,0.0625,0,0.0,1,0.0625,0,0.0,1,0.0625,1,0.0625
I think I would spontaneously combust from sheer delight,ee5pmjr,Seukonnen,liberalgunowners,t3_afwoa4,t1_ee332v0,1547596400,26,0.328,0.0,0.672,0.5994,9,0,0.0,1,0.1111111111111111,0,0.0,0,0.0,1,0.1111111111111111,0,0.0,1,0.1111111111111111,0,0.0,0,0.0,0,0.0
they do poorly making me feel otherwise,edxbkzt,irishking44,liberalgunowners,t3_aecsno,t1_edxahei,1547330300,61,0.0,0.0,1.0,0.0,7,0,0.0,0,0.0,0,0.0,0,0.0,0,0.0,1,0.14285714285714285,0,0.0,0,0.0,0,0.0,0,0.0
"I mean I'm mad at him for posting that, but that's just because I'm jealous of that P7",efdcd6h,seanprefect,liberalgunowners,t3_ale0zx,t3_ale0zx,1548866600,56,0.0,0.276,0.724,-0.7269,18,2,0.1111111111111111,0,0.0,2,0.1111111111111111,1,0.05555555555555555,0,0.0,2,0.1111111111111111,0,0.0,1,0.05555555555555555,0,0.0,0,0.0
[NAME] is a New York populist. You might as well have voted for a [NAME].,ee6ygxx,Heeeeyyouguuuuys,progun,t3_agkox5,t1_ee6yerg,1547646600,51,0.13,0.0,0.87,0.2732,15,0,0.0,0,0.0,0,0.0,0,0.0,0,0.0,0,0.0,0,0.0,0,0.0,0,0.0,0,0.0
That has literally never happened.,ee4v6r0,AlJumjuma83,liberalgunowners,t3_agat9l,t1_ee4uo7z,1547575000,30,0.0,0.0,1.0,0.0,5,0,0.0,0,0.0,0,0.0,0,0.0,0,0.0,0,0.0,0,0.0,0,0.0,0,0.0,0,0.0
I love stories that end well. Makes the new year even better.,ed2ezef,OH870,progun,t3_abno3p,t3_abno3p,1546414600,2,0.505,0.0,0.495,0.8481,12,0,0.0,0,0.0,0,0.0,0,0.0,1,0.08333333333333333,0,0.0,1,0.08333333333333333,0,0.0,0,0.0,0,0.0
People who eat themselves to death are mentally ill in my opinion. Homicide is a deliberate and unlawful killing of a person by another person.,ee8svfp,nelsonic1990,progun,t3_agr9i9,t1_ee8spfp,1547691500,81,0.0,0.335,0.665,-0.9022,25,5,0.2,1,0.04,4,0.16,5,0.2,0,0.0,5,0.2,2,0.08,5,0.2,1,0.04,0,0.0
"That ruling is such a mess: it gets the *reason* correct, but the Justices were so out of touch that the entire ruling was contradictory to that. ",ee4huci,J_Von_Random,progun,t3_ag4vz6,t1_ee4f1z9,1547566000,61,0.0,0.162,0.838,-0.5927,27,0,0.0,0,0.0,1,0.037037037037037035,0,0.0,0,0.0,2,0.07407407407407407,1,0.037037037037037035,0,0.0,0,0.0,0,0.0
This is the same woman who fought tooth and nail to have wrongful convictions upheld while she was a prosecutor; she craves tyranny.,efccx1n,Tabantha,progun,t3_al4kg3,t3_al4kg3,1548839600,46,0.0,0.095,0.905,-0.3182,23,1,0.043478260869565216,0,0.0,1,0.043478260869565216,1,0.043478260869565216,0,0.0,2,0.08695652173913043,0,0.0,2,0.08695652173913043,0,0.0,0,0.0
while i'm grinding my pitchfork tines... can i get a source on that?,eduq6fj,baish,gunpolitics,t3_aeyrw2,t1_edupevh,1547252400,22,0.0,0.0,1.0,0.0,13,0,0.0,0,0.0,0,0.0,0,0.0,0,0.0,1,0.07692307692307693,0,0.0,0,0.0,0,0.0,0,0.0
"I was thinking 1-2 in each eye might stop the threat, but if I'm being honest I'd be worried about the ensuing legal struggle...",eevp7bv,Bdawg556,gunpolitics,t3_ajd3mw,t1_eeviohp,1548369300,52,0.19,0.257,0.553,-0.0387,24,3,0.125,0,0.0,1,0.041666666666666664,3,0.125,1,0.041666666666666664,3,0.125,2,0.08333333333333333,3,0.125,0,0.0,2,0.08333333333333333
"Huh, and all these years I’d been *assured* “nobody” was coming to take my guns. Its like they been lying the entire time.",ee6vxj7,Heeeeyyouguuuuys,progun,t3_agkox5,t3_agkox5,1547644000,78,0.176,0.12,0.704,0.1531,23,1,0.043478260869565216,2,0.08695652173913043,1,0.043478260869565216,0,0.0,0,0.0,1,0.043478260869565216,1,0.043478260869565216,0,0.0,0,0.0,1,0.043478260869565216
"This is the tyranny right here, not the drones and tanks they always use as straw men. This man should not have a badge. Ever.",edevu4i,sun827,liberalgunowners,t3_ad5toc,t1_ede1gk9,1546806900,61,0.0,0.0,1.0,0.0,25,0,0.0,0,0.0,0,0.0,1,0.04,0,0.0,1,0.04,0,0.0,1,0.04,0,0.0,1,0.04
Implying there was a shootout in the restaurant? I wouldn’t feel safe at all if I were caught in crossfire,edjxo8u,TheUltimateParadox,progun,t3_adm4u4,t3_adm4u4,1546945400,62,0.132,0.0,0.868,0.4404,20,0,0.0,0,0.0,0,0.0,0,0.0,1,0.05,0,0.0,1,0.05,0,0.0,0,0.0,1,0.05
Unfortunately no one usually fights for their rights without a martyr,edt8m9r,Chaoticsinner2294,progun,t3_aevpkg,t1_edt6e31,1547219800,4,0.0,0.477,0.523,-0.743,11,0,0.0,0,0.0,0,0.0,1,0.09090909090909091,0,0.0,1,0.09090909090909091,0,0.0,1,0.09090909090909091,0,0.0,0,0.0
Not happy.,ee8dvsf,flinstone001,progun,t3_agp2ts,t3_agp2ts,1547681200,52,0.0,0.75,0.25,-0.4585,2,0,0.0,1,0.5,0,0.0,0,0.0,1,0.5,0,0.0,1,0.5,0,0.0,0,0.0,1,0.5
This makes me smile,edcc281,ShwishyShwa,progun,t3_acy6m7,t3_acy6m7,1546734600,70,0.455,0.0,0.545,0.3612,4,0,0.0,0,0.0,0,0.0,0,0.0,1,0.25,0,0.0,1,0.25,0,0.0,1,0.25,1,0.25
[NAME] is a traitor to this country.,ee6emyi,hexagon-173,gunpolitics,t3_agehaj,t3_agehaj,1547617800,4,0.0,0.0,1.0,0.0,7,1,0.14285714285714285,0,0.0,1,0.14285714285714285,1,0.14285714285714285,0,0.0,1,0.14285714285714285,0,0.0,1,0.14285714285714285,0,0.0,0,0.0
Surprised Colorado ain’t got one the way things have been going here past couple years,ef2ctfl,steveo1488,progun,t3_ak2pxr,t3_ak2pxr,1548556400,27,0.119,0.0,0.881,0.2263,15,0,0.0,0,0.0,0,0.0,0,0.0,0,0.0,0,0.0,0,0.0,0,0.0,1,0.06666666666666667,0,0.0
Yeah. Like you.,ed448cc,Bagellord,gunpolitics,t3_abxqh3,t1_ed3zer6,1546473300,24,0.825,0.0,0.175,0.5719,3,0,0.0,0,0.0,0,0.0,0,0.0,0,0.0,0,0.0,0,0.0,0,0.0,0,0.0,0,0.0
"yes they do, and I am glad that you were able to change hers. ",edwwfr9,AR15__Fan,progun,t3_af80lf,t1_edwvnd4,1547320300,46,0.322,0.0,0.678,0.6908,14,0,0.0,1,0.07142857142857142,0,0.0,1,0.07142857142857142,1,0.07142857142857142,0,0.0,1,0.07142857142857142,0,0.0,0,0.0,0,0.0
I didn’t read your article but I suppose,ed6bnea,austinspeedy11,progun,t3_ac7ym5,t1_ed6bfd5,1546548600,60,0.0,0.0,1.0,0.0,8,0,0.0,0,0.0,0,0.0,0,0.0,0,0.0,0,0.0,0,0.0,0,0.0,0,0.0,0,0.0
Funny coming from the party that is #1 in killing babies.,efaknzb,B4tJ3w,gunpolitics,t3_akzvn0,t1_ef9f5aj,1548793700,55,0.311,0.244,0.444,0.0516,11,1,0.09090909090909091,1,0.09090909090909091,0,0.0,1,0.09090909090909091,0,0.0,1,0.09090909090909091,0,0.0,1,0.09090909090909091,0,0.0,0,0.0
You dont need elected officials to have power when you have the people on your side.,eduimxm,TheGreatWolfy,liberalgunowners,t3_aeyl6b,t1_edui8d0,1547247200,64,0.0,0.0,1.0,0.0,16,0,0.0,0,0.0,0,0.0,0,0.0,0,0.0,0,0.0,0,0.0,0,0.0,0,0.0,0,0.0
I think we all are,eeglp0y,BeHonestJustInCase,liberalgunowners,t3_aeyl6b,t1_edugnnp,1547924400,79,0.0,0.0,1.0,0.0,5,0,0.0,0,0.0,0,0.0,0,0.0,0,0.0,0,0.0,0,0.0,0,0.0,0,0.0,0,0.0
"This is seriously disturbing. Even more disturbing, is that we aren’t doing anything about this, and it’s going to expand. Watch. ",ed4216w,gitduhfuqowt,progun,t3_abz235,t3_abz235,1546471600,36,0.082,0.308,0.609,-0.7425,21,0,0.0,1,0.047619047619047616,0,0.0,1,0.047619047619047616,0,0.0,0,0.0,0,0.0,0,0.0,0,0.0,0,0.0
You can vote for whomever you want even in the general. It's called a write-in.,edatn2b,mojitz,liberalgunowners,t3_acnhmq,t1_edafpdv,1546698200,5,0.085,0.0,0.915,0.0772,15,1,0.06666666666666667,1,0.06666666666666667,0,0.0,0,0.0,1,0.06666666666666667,1,0.06666666666666667,2,0.13333333333333333,1,0.06666666666666667,1,0.06666666666666667,2,0.13333333333333333
Post this to /r/MurderedByWords I legit wanna see the teeth mashing,eem8sk7,nappythrill22,progun,t3_ai593r,t3_ai593r,1548080600,52,0.0,0.0,1.0,0.0,11,0,0.0,0,0.0,0,0.0,0,0.0,0,0.0,0,0.0,0,0.0,0,0.0,0,0.0,0,0.0
I remember thinking how smart I was then. /s,edxx0j2,XA36,liberalgunowners,t3_afa1s4,t1_edwva4k,1547343600,51,0.252,0.0,0.748,0.4019,9,0,0.0,0,0.0,0,0.0,0,0.0,0,0.0,0,0.0,0,0.0,0,0.0,0,0.0,0,0.0
Nah man. I just changed my mind. I've gotten pms from here before lol.,efh5yxp,NCH_PANTHER,liberalgunowners,t3_alpzd3,t1_efgirjz,1548973000,22,0.173,0.086,0.741,0.34,14,0,0.0,0,0.0,0,0.0,0,0.0,0,0.0,0,0.0,0,0.0,0,0.0,0,0.0,0,0.0
"It's racism. It doesn't make me angry, it makes me feel sorry for their ignorance and yours.",edosk3l,d48reu,liberalgunowners,t3_aecsno,t1_edos8vl,1547093800,42,0.114,0.335,0.551,-0.6367,17,1,0.058823529411764705,0,0.0,1,0.058823529411764705,0,0.0,0,0.0,2,0.11764705882352941,0,0.0,0,0.0,0,0.0,0,0.0
"Regardless, fight 'em every inch of the way like it's the last hill to die on. Complacency is complicity. ",ed6vs6b,P1smo,gunpolitics,t3_ac7k5d,t1_ed6cqb8,1546563600,40,0.1,0.26,0.64,-0.6124,19,1,0.05263157894736842,0,0.0,0,0.0,2,0.10526315789473684,0,0.0,3,0.15789473684210525,2,0.10526315789473684,1,0.05263157894736842,0,0.0,0,0.0
Nothing is free!,edlxgyl,Bunstonious,progun,t3_adz2dh,t1_edlani4,1547003900,70,0.0,0.6,0.4,-0.4577,3,0,0.0,0,0.0,0,0.0,0,0.0,0,0.0,0,0.0,0,0.0,0,0.0,0,0.0,0,0.0
You’re as cool as a hand-job on a honeymoon. Go draw some anime and cry yourself to sleep.,edcsi0i,derek_fuhreal,progun,t3_actyg1,t1_edb6re1,1546746500,40,0.107,0.145,0.748,-0.2023,18,0,0.0,1,0.05555555555555555,0,0.0,0,0.0,1,0.05555555555555555,1,0.05555555555555555,2,0.1111111111111111,1,0.05555555555555555,1,0.05555555555555555,1,0.05555555555555555
"No! You've gotta make it warm, let it sit in the sun and have all the sugar dissolve into it! THEN you chill it!",edrxqba,tantalum73,gunpolitics,t3_aen61u,t1_edrxm23,1547181200,36,0.108,0.0,0.892,0.4168,24,0,0.0,1,0.041666666666666664,0,0.0,0,0.0,1,0.041666666666666664,0,0.0,2,0.08333333333333333,0,0.0,1,0.041666666666666664,1,0.041666666666666664
"[NAME], let’s bring down the system faster.",efajio6,CATOLOG,progun,t3_al1uth,t1_efah8gi,1548793100,49,0.0,0.0,1.0,0.0,7,0,0.0,0,0.0,0,0.0,0,0.0,0,0.0,0,0.0,0,0.0,0,0.0,0,0.0,1,0.14285714285714285
I cant believe we elected this goon,ee71s3p,moistappleman,gunpolitics,t3_aglc6r,t3_aglc6r,1547649700,46,0.0,0.0,1.0,0.0,7,0,0.0,0,0.0,0,0.0,0,0.0,0,0.0,0,0.0,0,0.0,0,0.0,0,0.0,0,0.0
He is and will be irrelevant. No worries.,ef8kuhi,sofarfromapro,liberalgunowners,t3_akwdww,t3_akwdww,1548739700,37,0.25,0.0,0.75,0.3252,8,0,0.0,0,0.0,0,0.0,0,0.0,0,0.0,1,0.125,0,0.0,0,0.0,0,0.0,0,0.0
"Weird, I checked again and it works for me now. It wasn't the first few times I tried to click.",edt9956,Rustymetal14,gunpolitics,t3_aeow1r,t1_edt58dg,1547220200,76,0.0,0.082,0.918,-0.1779,20,0,0.0,0,0.0,1,0.05,0,0.0,0,0.0,1,0.05,0,0.0,0,0.0,0,0.0,0,0.0
"I answered, and then asked if you can think of any legitimate uses. Apparently you can't.",edtlie0,isdisauniqueusername,liberalgunowners,t3_aeiys0,t1_edsuw66,1547227500,21,0.0,0.0,1.0,0.0,16,0,0.0,0,0.0,0,0.0,0,0.0,0,0.0,0,0.0,0,0.0,0,0.0,0,0.0,0,0.0
"Once I dropped mine on my foot, so I grounded him to a fudd range for a weekend It was tough for both of us",eev634z,KinkyWhiteBread,progun,t3_aj96c5,t1_eetoz88,1548357400,70,0.0,0.059,0.941,-0.128,25,0,0.0,0,0.0,0,0.0,1,0.04,0,0.0,2,0.08,0,0.0,2,0.08,0,0.0,0,0.0
"Welp, the GOP's removing their last appeal for me.",ed8oo1z,The_Central_Brawler,liberalgunowners,t3_acjjf6,t3_acjjf6,1546625300,23,0.0,0.0,1.0,0.0,9,0,0.0,1,0.1111111111111111,0,0.0,0,0.0,0,0.0,0,0.0,0,0.0,0,0.0,0,0.0,0,0.0
>a Thursday night rampage that killed the 22-year-old officer and shot up a surrounding downtown neighborhood. Not exactly a constitutional standoff with the government,edxgc1a,MajorBeefCurtains,progun,t3_afcjks,t3_afcjks,1547333200,15,0.0,0.164,0.836,-0.6705,24,3,0.125,1,0.041666666666666664,0,0.0,4,0.16666666666666666,0,0.0,4,0.16666666666666666,2,0.08333333333333333,1,0.041666666666666664,1,0.041666666666666664,2,0.08333333333333333
Exactly. Some ammo is already cheaper than that.,eerdg34,SongForPenny,liberalgunowners,t3_aiv9e0,t1_eer8gm0,1548243100,21,0.0,0.0,1.0,0.0,8,0,0.0,0,0.0,0,0.0,0,0.0,0,0.0,0,0.0,0,0.0,0,0.0,0,0.0,0,0.0
"It's ""soaked, frostbitten chic!""",eesmp1o,HackerBeeDrone,liberalgunowners,t3_aj3z74,t1_eesle68,1548278300,35,0.444,0.0,0.556,0.3382,4,0,0.0,0,0.0,0,0.0,0,0.0,0,0.0,0,0.0,0,0.0,0,0.0,0,0.0,0,0.0
Oh interesting. I must have got in a while ago.,ee21mpu,HackerBeeDrone,liberalgunowners,t3_afwje6,t1_ee20xdo,1547484800,6,0.231,0.0,0.769,0.4019,10,0,0.0,0,0.0,0,0.0,0,0.0,0,0.0,0,0.0,1,0.1,0,0.0,0,0.0,0,0.0
Keep stocking that steel core ammo bois,efesqac,Badfiish,progun,t3_aleaio,t1_efdng28,1548902400,23,0.0,0.0,1.0,0.0,7,0,0.0,0,0.0,0,0.0,0,0.0,0,0.0,0,0.0,1,0.14285714285714285,0,0.0,0,0.0,0,0.0
Chicken and the egg argument. Gun companies don't donate to [NAME] *because* they have gun control on their platform. This goes back decades mind you.,eduge0v,CrzyJek,liberalgunowners,t3_aeyl6b,t1_edufui7,1547245800,49,0.0,0.249,0.751,-0.743,25,3,0.12,0,0.0,0,0.0,3,0.12,0,0.0,3,0.12,0,0.0,0,0.0,0,0.0,0,0.0
"Depends on what you want to do, but I'd buy This",eeuhpz2,lornstar7,liberalgunowners,t3_ajchwk,t3_ajchwk,1548341800,4,0.103,0.0,0.897,0.0387,11,0,0.0,0,0.0,0,0.0,0,0.0,0,0.0,0,0.0,0,0.0,0,0.0,0,0.0,0,0.0
"Well, that was dumb.",ee3yzt5,Broken-Butterfly,liberalgunowners,t3_aesx2i,t1_edste50,1547544600,60,0.284,0.446,0.27,-0.296,4,0,0.0,0,0.0,0,0.0,0,0.0,0,0.0,1,0.25,0,0.0,0,0.0,0,0.0,0,0.0
Bullock and Warner are the only two dems (without an F rating from the NRA) that I could see running.,efacr2i,fromks,liberalgunowners,t3_akwdww,t1_efa74c5,1548789500,24,0.0,0.0,1.0,0.0,20,1,0.05,0,0.0,0,0.0,1,0.05,0,0.0,1,0.05,0,0.0,1,0.05,0,0.0,0,0.0
"I'd have to really contemplate that, but my huntch is to agree.",ee9qilp,SurvivalBloke,gunpolitics,t3_agvqhb,t1_ee9qdxd,1547731100,15,0.228,0.0,0.772,0.5023,12,0,0.0,0,0.0,0,0.0,0,0.0,0,0.0,0,0.0,1,0.08333333333333333,0,0.0,0,0.0,0,0.0
A man of culture i see,ef05opi,Occidendum828,liberalgunowners,t3_ajz7fs,t1_ef01d8e,1548497400,40,0.0,0.0,1.0,0.0,6,0,0.0,0,0.0,0,0.0,0,0.0,0,0.0,0,0.0,1,0.16666666666666666,0,0.0,0,0.0,0,0.0
Great article. Thanks for posting,edpnn8a,HawkeyeFan321,gunpolitics,t3_aeipkz,t3_aeipkz,1547129900,2,0.7,0.0,0.3,0.7906,5,0,0.0,0,0.0,0,0.0,0,0.0,0,0.0,0,0.0,0,0.0,0,0.0,0,0.0,0,0.0
Not if he signs it. And he has made statements that contradict the 2nd amendment in the past.,edq2f9r,jadwy916,liberalgunowners,t3_aeiys0,t1_edppsxs,1547140000,4,0.0,0.119,0.881,-0.3182,18,1,0.05555555555555555,0,0.0,0,0.0,0,0.0,0,0.0,1,0.05555555555555555,0,0.0,0,0.0,0,0.0,0,0.0
Thanks boss. Finally got a sibling for the Glock!,ed3xynk,pooshimooshi,liberalgunowners,t3_abyh8v,t1_ed3xm5v,1546468600,4,0.285,0.0,0.715,0.4926,9,0,0.0,1,0.1111111111111111,1,0.1111111111111111,0,0.0,1,0.1111111111111111,0,0.0,1,0.1111111111111111,0,0.0,1,0.1111111111111111,1,0.1111111111111111
Best of luck with your new religion.,eeotvq7,Nemacolin,progun,t3_ai8rjj,t1_eeo093p,1548163800,74,0.59,0.0,0.41,0.802,7,0,0.0,1,0.14285714285714285,0,0.0,0,0.0,1,0.14285714285714285,0,0.0,1,0.14285714285714285,0,0.0,1,0.14285714285714285,1,0.14285714285714285
Enjoy you Salad,eexytcs,Beers4boobs,progun,t3_ajob7w,t1_eexeo22,1548436400,73,0.615,0.0,0.385,0.4939,3,0,0.0,1,0.3333333333333333,0,0.0,0,0.0,1,0.3333333333333333,0,0.0,1,0.3333333333333333,0,0.0,0,0.0,1,0.3333333333333333
It’s bad law. I wouldn’t be surprised either.,eeqzmin,greenflash1775,liberalgunowners,t3_aios4s,t1_eepyx3c,1548222000,51,0.167,0.307,0.526,-0.3818,8,1,0.125,0,0.0,1,0.125,1,0.125,0,0.0,1,0.125,0,0.0,1,0.125,1,0.125,1,0.125
Sorry. I am avoiding arguments today. Enjoy the video.,eexdp15,Nemacolin,progun,t3_ajob7w,t1_eexdbqx,1548424600,20,0.219,0.438,0.342,-0.296,9,1,0.1111111111111111,1,0.1111111111111111,0,0.0,1,0.1111111111111111,1,0.1111111111111111,0,0.0,1,0.1111111111111111,0,0.0,0,0.0,1,0.1111111111111111
I’m not sure it was [NAME] that changed the definition as much as it was the ATF.,eeduh8b,CedTruz,progun,t3_ahenws,t3_ahenws,1547844200,4,0.0,0.109,0.891,-0.2411,17,0,0.0,0,0.0,0,0.0,0,0.0,0,0.0,0,0.0,0,0.0,0,0.0,0,0.0,0,0.0
"I’d rather not, thank you. Seeing her play that evil emperor in that Star Wars movie was quite enough.",ee8gxoj,Imadethis4things,gunpolitics,t3_aglr3v,t1_ee7lcsb,1547683200,81,0.087,0.368,0.545,-0.8276,19,1,0.05263157894736842,1,0.05263157894736842,1,0.05263157894736842,1,0.05263157894736842,1,0.05263157894736842,1,0.05263157894736842,1,0.05263157894736842,1,0.05263157894736842,0,0.0,1,0.05263157894736842
ehhhh I don't think so. iirc [NAME] was responsible for that Russian embargo and he's the reason why AKs are so expensive now.,edmocg3,Kropfi,progun,t3_adwwvj,t1_edkwtv7,1547038200,4,0.095,0.0,0.905,0.3182,23,0,0.0,0,0.0,0,0.0,0,0.0,0,0.0,1,0.043478260869565216,2,0.08695652173913043,0,0.0,0,0.0,1,0.043478260869565216
"I haven't seen a sign like that on mine. Not that it would carry the force of law, anyway, in Florida.",edkcqsy,MagicMephistopheles,progun,t3_adm4u4,t1_ediu4nf,1546961700,37,0.111,0.0,0.889,0.3612,21,1,0.047619047619047616,0,0.0,0,0.0,1,0.047619047619047616,0,0.0,1,0.047619047619047616,0,0.0,0,0.0,0,0.0,1,0.047619047619047616
"I know they are treated very well, but some of them do die.",een5sns,Im_Currently_Pooping,progun,t3_ai593r,t1_een1kxx,1548104300,46,0.094,0.296,0.61,-0.6862,13,0,0.0,0,0.0,0,0.0,1,0.07692307692307693,0,0.0,1,0.07692307692307693,0,0.0,1,0.07692307692307693,0,0.0,0,0.0
"Lots of us in Texas. Dallas is a nice mix of moderate conservatives, libertarians, and moderate liberals. I like it here.",eeaw796,stupid_pun,liberalgunowners,t3_ah0kb9,t1_eeasgtf,1547759500,33,0.262,0.0,0.738,0.6597,21,0,0.0,0,0.0,0,0.0,0,0.0,0,0.0,0,0.0,2,0.09523809523809523,0,0.0,0,0.0,0,0.0
Find a new doctor. If he isn't willing to treat people because of political affiliation then he's a horrible doctor and an even worse person.,eelqrny,Paulio91184,progun,t3_ai7ppe,t3_ai7ppe,1548055300,24,0.0,0.287,0.713,-0.8342,25,2,0.08,1,0.04,2,0.08,3,0.12,1,0.04,3,0.12,3,0.12,2,0.08,1,0.04,3,0.12
"Meet me in the parking lot after school, tough guy. Bring your guns.",eeeo3hs,Bored_Beef,progun,t3_aha68d,t1_eeeo1au,1547865200,4,0.0,0.111,0.889,-0.128,13,0,0.0,0,0.0,0,0.0,0,0.0,0,0.0,1,0.07692307692307693,0,0.0,1,0.07692307692307693,0,0.0,1,0.07692307692307693
"As I said in my other comment, no most probably don't. But we should all be alarmed at HOW they were banned. ",edqmlk1,Hodunkinchud,liberalgunowners,t3_aeiys0,t1_edqked2,1547150500,51,0.0,0.314,0.686,-0.8271,22,0,0.0,0,0.0,0,0.0,0,0.0,0,0.0,0,0.0,0,0.0,0,0.0,0,0.0,0,0.0
Nah. Mine was wrapped around my neck and I am a gun loving medical student.,eenz94y,crimdelacrim,progun,t3_ahp3ex,t1_eehnnzh,1548126500,46,0.198,0.193,0.609,0.2732,15,1,0.06666666666666667,1,0.06666666666666667,0,0.0,2,0.13333333333333333,1,0.06666666666666667,1,0.06666666666666667,2,0.13333333333333333,0,0.0,0,0.0,2,0.13333333333333333
"Thanks man, hope the holidays were good to you and yours. ",ed3ppty,ChopperIndacar,progun,t3_abdy53,t1_ed2tari,1546463500,4,0.617,0.0,0.383,0.8834,11,0,0.0,2,0.18181818181818182,0,0.0,0,0.0,2,0.18181818181818182,0,0.0,2,0.18181818181818182,0,0.0,2,0.18181818181818182,2,0.18181818181818182
You just defended him with a bunch of doublespeak bullshit so I’m gonna have to disagree. You’re a fucking idiot.,ef4u1z2,walofuzz,gunpolitics,t3_ak5aj4,t1_ef4rtda,1548633900,15,0.0,0.37,0.63,-0.8748,20,1,0.05,0,0.0,1,0.05,0,0.0,0,0.0,2,0.1,1,0.05,0,0.0,0,0.0,1,0.05
"Because it's the one right that we hope to never need, at least in the sense of revolt or self defense.",ef94qec,5redrb,liberalgunowners,t3_akvaqu,t1_ef882u5,1548761900,26,0.188,0.0,0.812,0.5267,21,2,0.09523809523809523,2,0.09523809523809523,0,0.0,1,0.047619047619047616,1,0.047619047619047616,1,0.047619047619047616,3,0.14285714285714285,0,0.0,2,0.09523809523809523,1,0.047619047619047616
They cannot bypass racial discrimination without facing a serious backlash.,ed3f888,JimMarch,liberalgunowners,t3_ablwg6,t1_ed3etbi,1546455900,6,0.12,0.0,0.88,0.0572,10,1,0.1,0,0.0,1,0.1,1,0.1,0,0.0,1,0.1,0,0.0,1,0.1,0,0.0,0,0.0
Not to mention people who illegally own guns probably aren't going to admit it for a study either.,ed18xz2,ayures,liberalgunowners,t3_abibfg,t1_ed16fvg,1546375600,51,0.0,0.086,0.914,-0.1511,18,0,0.0,0,0.0,0,0.0,0,0.0,0,0.0,0,0.0,1,0.05555555555555555,0,0.0,0,0.0,0,0.0
Do your own research. It’s not my job to educate you.,efgm4lz,pitolson457,progun,t3_alkx3b,t1_efgiwxu,1548959900,18,0.0,0.0,1.0,0.0,11,0,0.0,0,0.0,0,0.0,0,0.0,0,0.0,0,0.0,2,0.18181818181818182,0,0.0,0,0.0,0,0.0
"Or in the language of the MSM ""unwanted home visitors"".",eekgt69,PapaGeorgio23,progun,t3_ahz0k4,t3_ahz0k4,1548019500,46,0.0,0.174,0.826,-0.2263,10,0,0.0,0,0.0,0,0.0,0,0.0,0,0.0,0,0.0,0,0.0,0,0.0,0,0.0,0,0.0
">Yes: the native [NAME], at the hands of the European settlers. Laughs in [NAME] ",ed5xtt3,langis_on,liberalgunowners,t3_ac2kqm,t1_ed5w6do,1546539000,48,0.33,0.0,0.67,0.7096,14,0,0.0,0,0.0,0,0.0,0,0.0,0,0.0,0,0.0,0,0.0,0,0.0,0,0.0,0,0.0
How so? How do you keep stupid people from voting?,ef3ztmj,Dutchtroll5,liberalgunowners,t3_akbyfx,t1_ef3zdi2,1548608100,52,0.0,0.295,0.705,-0.5803,10,0,0.0,0,0.0,0,0.0,0,0.0,0,0.0,1,0.1,0,0.0,0,0.0,0,0.0,0,0.0
Rural MO. The nearest Whole Foods is an hour away. I can't imagine too many [NAME] could handle the distance.,eeeqe3h,BluAnimal,liberalgunowners,t3_ah5iqf,t1_eecycsc,1547867100,73,0.0,0.0,1.0,0.0,20,0,0.0,0,0.0,0,0.0,0,0.0,0,0.0,0,0.0,0,0.0,0,0.0,0,0.0,0,0.0
Seems like an odd hypothetical question to ask.,eebgb0v,isdisauniqueusername,liberalgunowners,t3_afehgh,t1_ee94hgm,1547773600,30,0.231,0.213,0.556,0.0516,8,0,0.0,0,0.0,0,0.0,0,0.0,0,0.0,0,0.0,1,0.125,0,0.0,0,0.0,0,0.0
He’s a brave man.,efg7y7j,6xxy,progun,t3_al1uth,t1_efa9d7f,1548950800,61,0.531,0.0,0.469,0.5267,4,0,0.0,0,0.0,0,0.0,0,0.0,0,0.0,0,0.0,0,0.0,0,0.0,0,0.0,0,0.0
Bit too left for me lol,ee8xseg,FullLockDown,liberalgunowners,t3_agt57n,t3_agt57n,1547695600,62,0.359,0.0,0.641,0.4215,6,0,0.0,0,0.0,0,0.0,0,0.0,0,0.0,0,0.0,0,0.0,0,0.0,0,0.0,0,0.0
Dat trigger discipline though,edcyp9j,buickandolds,liberalgunowners,t3_acwn5z,t3_acwn5z,1546750800,17,0.0,0.0,1.0,0.0,4,0,0.0,0,0.0,0,0.0,1,0.25,0,0.0,1,0.25,0,0.0,0,0.0,0,0.0,0,0.0
Then steal their jets,eevzfgo,AR-47,progun,t3_aj9l4b,t1_eeugbhv,1548376400,46,0.0,0.516,0.484,-0.4939,4,1,0.25,0,0.0,0,0.0,1,0.25,0,0.0,1,0.25,0,0.0,1,0.25,0,0.0,0,0.0
I was wrong about that one part. I've edited my comment to reflect my mistake. Thanks for posting the relevant bit of the bill.,ed31so4,Calamity_Jesus,liberalgunowners,t3_abnxj9,t1_ed2y3xo,1546445800,33,0.099,0.187,0.714,-0.3818,24,0,0.0,0,0.0,0,0.0,0,0.0,0,0.0,2,0.08333333333333333,1,0.041666666666666664,1,0.041666666666666664,0,0.0,1,0.041666666666666664
What’s a leppo?,ee8hy6i,beaglebusiness,progun,t3_agkox5,t1_ee82z2m,1547683800,3,0.0,0.0,1.0,0.0,3,0,0.0,0,0.0,0,0.0,0,0.0,0,0.0,0,0.0,0,0.0,0,0.0,0,0.0,0,0.0
"Short answer, fuck no, don't ever fall for it. Don't make the same mistake Canada has.",ef8duv6,Pixiecrap,liberalgunowners,t3_akorvn,t3_akorvn,1548734000,81,0.0,0.296,0.704,-0.7096,16,0,0.0,0,0.0,0,0.0,0,0.0,0,0.0,2,0.125,0,0.0,2,0.125,0,0.0,0,0.0
"/r/2ALiberals checking in! Welcome my leftist gun supporter! Upvote for 2A solidarity, even though we probably disagree on literally everything else.",ee93bwh,cons_NC,progun,t3_agu2i8,t1_ee92udu,1547700500,36,0.273,0.173,0.554,0.4374,21,2,0.09523809523809523,0,0.0,0,0.0,1,0.047619047619047616,1,0.047619047619047616,2,0.09523809523809523,1,0.047619047619047616,0,0.0,0,0.0,2,0.09523809523809523
"OK man I am relatively new so I know what worked for me and I based off of much of the advice I got, partially from this reddit lol",ed76h3c,beeline1972,liberalgunowners,t3_ac0fzg,t1_ed76cms,1546572500,51,0.175,0.0,0.825,0.694,29,0,0.0,0,0.0,0,0.0,0,0.0,0,0.0,0,0.0,0,0.0,0,0.0,0,0.0,1,0.034482758620689655
Don't use gay as an insult.,edfsz78,james_strange,liberalgunowners,t3_ad5toc,t1_edfe827,1546826800,70,0.0,0.398,0.602,-0.5106,6,1,0.16666666666666666,0,0.0,1,0.16666666666666666,0,0.0,0,0.0,1,0.16666666666666666,0,0.0,1,0.16666666666666666,1,0.16666666666666666,0,0.0
"Exactly. I forget what the ""killed per year in a school shooting"" figure is but it's shockingly low.",eeyh5lm,Examiner7,progun,t3_ajrzis,t1_eeyfp94,1548447000,15,0.0,0.389,0.611,-0.7845,18,1,0.05555555555555555,0,0.0,0,0.0,1,0.05555555555555555,0,0.0,2,0.1111111111111111,0,0.0,0,0.0,1,0.05555555555555555,1,0.05555555555555555
As The Pot Bro's always say. When the Cops ask you questions. Shut the fuck up.,eeygcbg,lioneaglegriffin,gunpolitics,t3_ajpjsa,t1_eexo4xz,1548446500,81,0.0,0.189,0.811,-0.5423,16,0,0.0,0,0.0,0,0.0,0,0.0,0,0.0,0,0.0,0,0.0,0,0.0,0,0.0,0,0.0
Dang ol Mega-Low mart on frye!,ed9fqmq,Heeeeyyouguuuuys,progun,t3_ac58sm,t1_ed9ds2x,1546644500,37,0.0,0.0,1.0,0.0,6,0,0.0,0,0.0,0,0.0,0,0.0,0,0.0,0,0.0,0,0.0,0,0.0,0,0.0,0,0.0
Pretty sure he's a NAVY SEAL IN THE TOP OF HIS CLASS!,ef7b61m,rocketboy2319,liberalgunowners,t3_akokf6,t1_ef6zmk8,1548708400,42,0.481,0.0,0.519,0.8087,12,0,0.0,2,0.16666666666666666,0,0.0,0,0.0,1,0.08333333333333333,0,0.0,3,0.25,0,0.0,0,0.0,3,0.25
"Fuck it, it's time we spend not adding to the debt",edunfbk,Srgt_G,gunpolitics,t3_aez2mq,t1_edu45jp,1547250600,4,0.0,0.4,0.6,-0.7184,11,0,0.0,1,0.09090909090909091,0,0.0,0,0.0,0,0.0,1,0.09090909090909091,0,0.0,1,0.09090909090909091,0,0.0,0,0.0
That doesn’t seem like very responsible presentation of findings.,ef46fcb,FRTSKR,liberalgunowners,t3_ajz7fs,t1_ef32bnw,1548612600,28,0.421,0.0,0.579,0.624,9,0,0.0,0,0.0,0,0.0,0,0.0,0,0.0,0,0.0,1,0.1111111111111111,0,0.0,0,0.0,1,0.1111111111111111
"Gotta love how these are mostly done at churches, no separation there.",ee6cqln,yukondelight,gunpolitics,t3_agh91t,t3_agh91t,1547615600,24,0.256,0.134,0.61,0.4588,12,0,0.0,0,0.0,0,0.0,0,0.0,1,0.08333333333333333,0,0.0,1,0.08333333333333333,0,0.0,0,0.0,0,0.0
"Well I hope so, I work in a pawnshop in a not great part of town and I'd love to be able to carry",edj69up,Tripod1776,gunpolitics,t3_adn2ik,t1_edj4t2e,1546915800,12,0.283,0.101,0.615,0.7101,24,0,0.0,1,0.041666666666666664,0,0.0,0,0.0,2,0.08333333333333333,0,0.0,2,0.08333333333333333,0,0.0,1,0.041666666666666664,1,0.041666666666666664
"I discussed this shop with my cop buddy, he also trusts it. Thanks!",ef30if7,FRTSKR,liberalgunowners,t3_ajz7fs,t1_ef2zg4l,1548577000,70,0.364,0.0,0.636,0.7424,13,0,0.0,1,0.07692307692307693,0,0.0,1,0.07692307692307693,1,0.07692307692307693,0,0.0,1,0.07692307692307693,0,0.0,0,0.0,2,0.15384615384615385
"Hmm, were you trying to prove your inability to read, or just your inability to comprehend? Either way, you've effectively done so.",edkdmew,isdisauniqueusername,liberalgunowners,t3_ad5toc,t1_edjl6xd,1546962300,4,0.106,0.198,0.696,-0.3612,22,0,0.0,0,0.0,0,0.0,0,0.0,0,0.0,2,0.09090909090909091,2,0.09090909090909091,2,0.09090909090909091,0,0.0,0,0.0
I think it should be a felony. Kind of crazy that illegally entering a country is such a minimal offense.,edqqntv,[deleted],liberalgunowners,t3_aelocm,t1_edqq2a9,1547152500,34,0.0,0.317,0.683,-0.7845,20,2,0.1,0,0.0,1,0.05,2,0.1,1,0.05,3,0.15,1,0.05,2,0.1,0,0.0,1,0.05
Below Springfield Illinois dweller checking in. Thanks for sharing the ILGuns sub!,eewpff9,J_G_B,liberalgunowners,t3_ajjtzr,t1_eeway4w,1548399400,4,0.448,0.0,0.552,0.7424,12,0,0.0,0,0.0,0,0.0,0,0.0,0,0.0,0,0.0,0,0.0,0,0.0,0,0.0,0,0.0
just like [NAME] was going to win by 90+%? I'm not going to believe it until I see it.,eeafre8,bws7037,progun,t3_ah0luy,t3_ah0luy,1547749000,56,0.27,0.0,0.73,0.743,19,0,0.0,0,0.0,0,0.0,0,0.0,0,0.0,0,0.0,0,0.0,0,0.0,0,0.0,0,0.0
Not all. [NAME] is cool. If he ever runs again in the primaries he will get my vote.,edw2p8t,HariMichaelson,progun,t3_af0tv8,t1_eduv93x,1547298800,12,0.119,0.0,0.881,0.3182,18,1,0.05555555555555555,1,0.05555555555555555,0,0.0,0,0.0,1,0.05555555555555555,1,0.05555555555555555,2,0.1111111111111111,1,0.05555555555555555,1,0.05555555555555555,1,0.05555555555555555
Pretty sure the legislature needs to change laws,edn3s0d,ten24,liberalgunowners,t3_ae7ixn,t1_edmy6o7,1547049600,18,0.478,0.0,0.522,0.6705,8,0,0.0,1,0.125,0,0.0,1,0.125,1,0.125,0,0.0,1,0.125,0,0.0,0,0.0,2,0.25
[NAME] represent!,ed9y8eq,PM_ME_GUITAR_PICKS,liberalgunowners,t3_acmk75,t3_acmk75,1546660200,2,0.0,0.0,1.0,0.0,2,0,0.0,0,0.0,0,0.0,0,0.0,0,0.0,0,0.0,0,0.0,0,0.0,0,0.0,0,0.0
Ah I was confused which side you were on :P,eesyeqk,TheCricket26,gunpolitics,t3_aizljm,t1_eerswxv,1548286300,24,0.21,0.176,0.614,0.1111,10,0,0.0,0,0.0,0,0.0,0,0.0,0,0.0,0,0.0,0,0.0,0,0.0,0,0.0,0,0.0
I'm not having any thoughts that are safe for me to publicly type.,efedi7t,perverted_alt,gunpolitics,t3_al9h43,t3_al9h43,1548890400,61,0.195,0.0,0.805,0.4404,13,0,0.0,0,0.0,0,0.0,0,0.0,1,0.07692307692307693,0,0.0,1,0.07692307692307693,0,0.0,0,0.0,1,0.07692307692307693
There's a user here that advocates for disarmament and authoritarianism. I've noticed that a new username pops up periodically with similar content/ views.,ee1ovac,Topiary_Tiger,liberalgunowners,t3_afehgh,t1_ee14wou,1547474200,61,0.0,0.0,1.0,0.0,23,0,0.0,0,0.0,0,0.0,0,0.0,1,0.043478260869565216,0,0.0,1,0.043478260869565216,0,0.0,0,0.0,1,0.043478260869565216
Oo! OO!! I know this one... ME!,eduw0zj,mattboyrd,gunpolitics,t3_aeyrw2,t1_edu6axg,1547256400,23,0.0,0.0,1.0,0.0,7,0,0.0,0,0.0,0,0.0,0,0.0,0,0.0,0,0.0,0,0.0,0,0.0,0,0.0,0,0.0
Thank [NAME] for state rights.,eewcqyc,unbiasedpropaganda,progun,t3_ajd0cn,t1_eeuozj0,1548387000,61,0.385,0.0,0.615,0.3612,5,0,0.0,0,0.0,0,0.0,0,0.0,0,0.0,0,0.0,0,0.0,0,0.0,0,0.0,0,0.0
Why not? My parole finalized in December. I've already done my time.,ef42r0m,BERNthisMuthaDown,liberalgunowners,t3_akbyfx,t1_ef408j6,1548610000,19,0.0,0.0,1.0,0.0,12,0,0.0,2,0.16666666666666666,0,0.0,0,0.0,0,0.0,0,0.0,0,0.0,0,0.0,0,0.0,0,0.0
You weren’t here for the original wording but thanks for playing.,eesnoi3,[deleted],progun,t3_aj2rse,t1_eesn3rr,1548278900,22,0.49,0.0,0.51,0.7717,11,0,0.0,0,0.0,0,0.0,0,0.0,0,0.0,0,0.0,0,0.0,0,0.0,0,0.0,0,0.0
Do they not remember the SRO who responded to a school shooting returning fire in under a minute.,eesv83h,Hiimkind9,progun,t3_aj2rse,t3_aj2rse,1548284000,42,0.0,0.124,0.876,-0.34,18,1,0.05555555555555555,0,0.0,0,0.0,2,0.1111111111111111,0,0.0,1,0.05555555555555555,0,0.0,0,0.0,0,0.0,1,0.05555555555555555
You’re an angry elf,ef0udgg,ColumbusJewBlackets,liberalgunowners,t3_ak0h1n,t1_ef0p7zx,1548520200,52,0.0,0.524,0.476,-0.5106,4,2,0.5,0,0.0,2,0.5,1,0.25,0,0.0,1,0.25,0,0.0,0,0.0,0,0.0,0,0.0
Bad news dude. You're almost 100 years past that.,edwtzy1,dreg102,gunpolitics,t3_af8bm7,t1_edwehrg,1547318800,76,0.0,0.304,0.696,-0.5423,9,1,0.1111111111111111,0,0.0,1,0.1111111111111111,1,0.1111111111111111,0,0.0,1,0.1111111111111111,0,0.0,1,0.1111111111111111,0,0.0,0,0.0
The automatic double action loophole.,eeiafip,ADirtyThrowaway1,liberalgunowners,t3_ahtetk,t1_eei9tiv,1547963900,46,0.0,0.0,1.0,0.0,5,0,0.0,0,0.0,0,0.0,0,0.0,0,0.0,0,0.0,1,0.2,0,0.0,0,0.0,1,0.2
Thanks for the clarity.,edil7de,RothbardBlvd,liberalgunowners,t3_adfv58,t1_edgq01k,1546901600,35,0.737,0.0,0.263,0.6808,4,0,0.0,0,0.0,0,0.0,0,0.0,0,0.0,0,0.0,0,0.0,0,0.0,0,0.0,0,0.0
You’re mixed up little buddy.,eeh1ife,Bored_Beef,progun,t3_aha68d,t1_eeh14rg,1547934200,4,0.0,0.0,1.0,0.0,5,0,0.0,1,0.2,0,0.0,0,0.0,1,0.2,0,0.0,1,0.2,0,0.0,0,0.0,1,0.2
*laughs in uneducated Finnish farmer on skis*,eesdg94,Gamerboy11116,progun,t3_ahiuz3,t1_eeg2b42,1548272000,23,0.348,0.0,0.652,0.4939,7,0,0.0,0,0.0,0,0.0,0,0.0,0,0.0,1,0.14285714285714285,0,0.0,1,0.14285714285714285,0,0.0,0,0.0
So you just don't believe we should have non-profit organizations. I guess that's consistent at least.,ef9ks6k,bobotwf,liberalgunowners,t3_akokf6,t1_ef8gt05,1548774400,61,0.0,0.0,1.0,0.0,16,0,0.0,0,0.0,0,0.0,0,0.0,0,0.0,0,0.0,0,0.0,0,0.0,1,0.0625,0,0.0
He must really hate changing dies.,ed8evlm,Boomer8450,progun,t3_acg6yw,t1_ed8en5h,1546619000,74,0.0,0.444,0.556,-0.6115,6,1,0.16666666666666666,0,0.0,1,0.16666666666666666,1,0.16666666666666666,0,0.0,1,0.16666666666666666,0,0.0,1,0.16666666666666666,0,0.0,0,0.0
Best way to fight it is to fight it in every way.,eeerm8m,p3dal,liberalgunowners,t3_ahdpau,t1_eeer5in,1547868200,33,0.228,0.283,0.489,0.0,12,2,0.16666666666666666,0,0.0,0,0.0,2,0.16666666666666666,0,0.0,2,0.16666666666666666,0,0.0,0,0.0,0,0.0,0,0.0
ITS HAPPENING!!!!!,ednw2vx,Worktime83,liberalgunowners,t3_ae853b,t3_ae853b,1547068700,40,0.0,0.0,1.0,0.0,2,0,0.0,0,0.0,0,0.0,0,0.0,0,0.0,0,0.0,0,0.0,0,0.0,0,0.0,0,0.0
So everyone elses advice is invalid? Elaborate.,eeibpop,wowalexx,progun,t3_ahimyh,t1_eei9ldn,1547965000,5,0.0,0.0,1.0,0.0,7,0,0.0,0,0.0,0,0.0,0,0.0,0,0.0,0,0.0,0,0.0,1,0.14285714285714285,0,0.0,1,0.14285714285714285
You monster! Think of the children!,ef7yf27,GalvanizedNipples,liberalgunowners,t3_akkucc,t1_ef7ndmq,1548723300,37,0.0,0.0,1.0,0.0,6,0,0.0,0,0.0,0,0.0,1,0.16666666666666666,0,0.0,1,0.16666666666666666,0,0.0,0,0.0,0,0.0,0,0.0
And they sneak the bit about reckless driving and speeding in at the end as making one a prohibited person. This is absurd.,edketez,clayfeet,gunpolitics,t3_adn2ik,t1_edk9vzk,1546963200,75,0.0,0.109,0.891,-0.4019,23,3,0.13043478260869565,0,0.0,1,0.043478260869565216,3,0.13043478260869565,0,0.0,4,0.17391304347826086,0,0.0,0,0.0,1,0.043478260869565216,0,0.0
It wouldn't have been hard to get more votes than [NAME] because [NAME] was so hated.,eejmnzf,BrianPurkiss,progun,t3_ahr2wz,t1_eejmfvh,1548003100,37,0.063,0.26,0.678,-0.7244,16,0,0.0,0,0.0,0,0.0,0,0.0,0,0.0,0,0.0,0,0.0,0,0.0,0,0.0,0,0.0
Trespassing in Texas and you’ll get shot. I would’ve shot them.,ee4f90g,XSV,liberalgunowners,t3_ag2jdm,t1_ee3djj2,1547563900,35,0.0,0.0,1.0,0.0,11,2,0.18181818181818182,0,0.0,0,0.0,2,0.18181818181818182,0,0.0,2,0.18181818181818182,0,0.0,2,0.18181818181818182,2,0.18181818181818182,0,0.0
You need help.,efdlctc,TheRealNEET,gunpolitics,t3_aldig4,t1_efdjmn9,1548872300,70,0.574,0.0,0.426,0.4019,3,0,0.0,0,0.0,0,0.0,0,0.0,0,0.0,0,0.0,0,0.0,0,0.0,0,0.0,0,0.0
This is -- and I say this in all sincerity -- the _weakest_ troll attempt I've seen in years.,efc2egu,TapDatKeg,liberalgunowners,t3_al9o9q,t3_al9o9q,1548828800,52,0.0,0.155,0.845,-0.5106,17,1,0.058823529411764705,1,0.058823529411764705,0,0.0,1,0.058823529411764705,0,0.0,1,0.058823529411764705,1,0.058823529411764705,0,0.0,0,0.0,0,0.0
I’ve made snapchats like this for friends,edbfjia,Jims-thinkin-juice,gunpolitics,t3_acw8m1,t3_acw8m1,1546713200,1,0.528,0.0,0.472,0.6808,7,0,0.0,0,0.0,0,0.0,0,0.0,0,0.0,0,0.0,0,0.0,0,0.0,0,0.0,0,0.0
> To bad everyone is to ~~weak and comfortable in their homes~~ slaving away in an open air debtor's prison to stand up to the government ftfy,edg6vtt,cynoclast,progun,t3_ad5dyp,t1_eddr0j3,1546837500,74,0.092,0.269,0.639,-0.7506,26,2,0.07692307692307693,0,0.0,1,0.038461538461538464,3,0.11538461538461539,0,0.0,3,0.11538461538461539,0,0.0,2,0.07692307692307693,0,0.0,0,0.0
"Crazy when the police are becoming more militarized to deal with threats, you could almost lump them into the 3rd amendment based on that alone. ",efgjxvl,Smellofcordite,progun,t3_alpwz2,t1_efgd7pm,1548958500,12,0.0,0.247,0.753,-0.7351,25,1,0.04,1,0.04,0,0.0,2,0.08,1,0.04,2,0.08,2,0.08,1,0.04,1,0.04,2,0.08
You are. And so am I.,edks89h,methodmissin,liberalgunowners,t3_adv475,t1_edkm14p,1546972800,20,0.0,0.0,1.0,0.0,6,0,0.0,0,0.0,0,0.0,0,0.0,0,0.0,0,0.0,0,0.0,0,0.0,0,0.0,0,0.0
"Did no one notice that it mentions Maryland in the title text, but goes on to talk about Massachusetts in the body text?",eeg1pob,Markius-Fox,progun,t3_ahiuz3,t3_ahiuz3,1547912700,51,0.0,0.068,0.932,-0.1531,23,0,0.0,0,0.0,0,0.0,0,0.0,0,0.0,0,0.0,2,0.08695652173913043,0,0.0,0,0.0,1,0.043478260869565216
"It's not free, though. It's ridiculously expensive.",eeks080,DangerousLiberty,progun,t3_ahr2wz,t1_eeko3vo,1548025900,30,0.0,0.505,0.495,-0.6251,7,0,0.0,0,0.0,0,0.0,0,0.0,0,0.0,0,0.0,0,0.0,0,0.0,0,0.0,0,0.0
I've wanted one ever since [NAME] dual wielded them in Bad Boys 2.,ed5bqfh,A_Tang,liberalgunowners,t3_abzy1a,t3_abzy1a,1546521600,4,0.0,0.226,0.774,-0.5423,13,1,0.07692307692307693,0,0.0,1,0.07692307692307693,1,0.07692307692307693,0,0.0,1,0.07692307692307693,0,0.0,1,0.07692307692307693,0,0.0,0,0.0
I don't want *my* kids exposed to that information. They might get curious and want to try it themselves!,efglkdq,PromptCritical725,liberalgunowners,t3_alplux,t1_efg5ctl,1548959500,37,0.182,0.118,0.7,0.3335,19,0,0.0,0,0.0,0,0.0,0,0.0,0,0.0,1,0.05263157894736842,1,0.05263157894736842,0,0.0,0,0.0,0,0.0
Well since they hate cops and love criminals... this fits for them,ed95u8m,hundycougar,progun,t3_acl1tu,t3_acl1tu,1546636900,79,0.29,0.341,0.369,-0.2732,12,2,0.16666666666666666,0,0.0,1,0.08333333333333333,1,0.08333333333333333,1,0.08333333333333333,2,0.16666666666666666,1,0.08333333333333333,1,0.08333333333333333,0,0.0,0,0.0
"Didn't realize they were shipping the challenge coins with Israeli FAL rifles, that makes this whole thing even weirder.",ef0p7z6,jcvynn,liberalgunowners,t3_ak0h1n,t1_ef0oid7,1548516500,5,0.066,0.076,0.859,-0.0516,19,1,0.05263157894736842,0,0.0,0,0.0,1,0.05263157894736842,0,0.0,1,0.05263157894736842,0,0.0,0,0.0,0,0.0,0,0.0
> The frothing at the mouth over the Primary Arms charging handle What was this?,ef0ylx6,5redrb,liberalgunowners,t3_ak0h1n,t1_ef0o8rt,1548523000,81,0.0,0.0,1.0,0.0,14,0,0.0,0,0.0,0,0.0,0,0.0,0,0.0,0,0.0,1,0.07142857142857142,0,0.0,1,0.07142857142857142,0,0.0
They want to make gun ownership so expensive and onerous that people won't even bother.,eepfrq6,AssaultClipazine,liberalgunowners,t3_aios4s,t1_eepdn8e,1548179800,62,0.188,0.135,0.677,-0.0165,15,2,0.13333333333333333,1,0.06666666666666667,0,0.0,1,0.06666666666666667,0,0.0,3,0.2,1,0.06666666666666667,1,0.06666666666666667,0,0.0,0,0.0
"Looks like you brought a nice variety for her to try, hope she enjoyed it!",eejndai,Gen4200,liberalgunowners,t3_ahv5cp,t3_ahv5cp,1548003500,6,0.517,0.0,0.483,0.8955,15,0,0.0,1,0.06666666666666667,0,0.0,0,0.0,1,0.06666666666666667,0,0.0,1,0.06666666666666667,0,0.0,1,0.06666666666666667,1,0.06666666666666667
"I feel like this is coming to NV soon as well, and I’m not so sure about how it will go",ed6t8zw,Ba55ah0lic,gunpolitics,t3_ac7k5d,t3_ac7k5d,1546561500,46,0.183,0.099,0.718,0.2793,21,0,0.0,1,0.047619047619047616,0,0.0,0,0.0,0,0.0,0,0.0,0,0.0,0,0.0,0,0.0,0,0.0
I was ok till that last one.,edkhe6r,[deleted],liberalgunowners,t3_adr3vf,t3_adr3vf,1546965100,3,0.268,0.0,0.732,0.296,7,0,0.0,0,0.0,0,0.0,0,0.0,0,0.0,0,0.0,0,0.0,0,0.0,0,0.0,0,0.0
Okay thats cool I was asking because I didn’t know y’all better stop downvoting me,ed73k4r,Ap0c0l3x,progun,t3_ac4suc,t1_ed63afe,1546570000,2,0.35,0.108,0.542,0.5994,15,0,0.0,0,0.0,0,0.0,0,0.0,0,0.0,0,0.0,1,0.06666666666666667,0,0.0,0,0.0,0,0.0
Stupid democrats!!!!!!!,eff051z,fearlessfred72,progun,t3_alke23,t3_alke23,1548908900,55,0.0,0.82,0.18,-0.6776,2,0,0.0,0,0.0,0,0.0,0,0.0,0,0.0,1,0.5,0,0.0,0,0.0,0,0.0,0,0.0
"No, I'm anti racism.",edpk14l,d48reu,liberalgunowners,t3_aecsno,t1_edphig2,1547127200,3,0.0,0.762,0.238,-0.7506,4,0,0.0,0,0.0,0,0.0,0,0.0,0,0.0,0,0.0,0,0.0,0,0.0,0,0.0,0,0.0
Just read the text of this amendment. I am literally sick to my stomach from reading this. THIS MUST NOT STAND!!,edkc431,Halligan1409,gunpolitics,t3_adn2ik,t1_edk9vzk,1546961200,1,0.0,0.163,0.837,-0.5972,21,0,0.0,0,0.0,2,0.09523809523809523,0,0.0,0,0.0,1,0.047619047619047616,1,0.047619047619047616,1,0.047619047619047616,0,0.0,0,0.0
"Ah, i misunderstood what he was going for, sorry my bad",ee0mj2f,destructor_rph,progun,t3_afk5ne,t1_ee0mdxr,1547427000,55,0.0,0.474,0.526,-0.7351,11,1,0.09090909090909091,0,0.0,1,0.09090909090909091,1,0.09090909090909091,0,0.0,1,0.09090909090909091,0,0.0,1,0.09090909090909091,0,0.0,0,0.0
Used to be just bad on the 2nd. Now they are folding on other rights as well.,edzjono,GOA_AMD65,progun,t3_afk8sa,t1_edzb9is,1547400800,34,0.102,0.17,0.728,-0.34,17,1,0.058823529411764705,0,0.0,1,0.058823529411764705,1,0.058823529411764705,0,0.0,1,0.058823529411764705,0,0.0,1,0.058823529411764705,0,0.0,0,0.0
When you glossed over [NAME] history to make a cheap shot at a democrat. That type of dishonesty is kind of your trademark,efao1b1,RowdyPants,gunpolitics,t3_akzvn0,t1_efam9kw,1548795600,61,0.0,0.0,1.0,0.0,23,1,0.043478260869565216,0,0.0,1,0.043478260869565216,1,0.043478260869565216,1,0.043478260869565216,3,0.13043478260869565,1,0.043478260869565216,1,0.043478260869565216,1,0.043478260869565216,1,0.043478260869565216
"I think theres a line between edgy and racist that this meme clearly crosses. [NAME] is still funny, this is just racist.",edou5u6,d48reu,liberalgunowners,t3_aecsno,t1_edou1nn,1547095200,18,0.177,0.253,0.57,-0.5267,22,0,0.0,0,0.0,0,0.0,0,0.0,0,0.0,0,0.0,0,0.0,0,0.0,0,0.0,0,0.0
And I wish I wasn't lumped in with new jersey.,eet08tq,velocibadgery,gunpolitics,t3_aj2a74,t1_eeszyht,1548287700,23,0.231,0.0,0.769,0.4019,10,0,0.0,0,0.0,0,0.0,0,0.0,0,0.0,0,0.0,0,0.0,0,0.0,0,0.0,0,0.0
>Yes. I’m an idiot. Checks out.,efb0gx3,Randaethyr,progun,t3_al1uth,t1_efashlb,1548803000,57,0.27,0.33,0.4,-0.1531,6,0,0.0,0,0.0,1,0.16666666666666666,0,0.0,0,0.0,1,0.16666666666666666,0,0.0,0,0.0,0,0.0,0,0.0
